#start,,,,,,,,,,,,,,,,,,,,,
,3,1,21,1,1,21,1,21,1,1,21,2,4,2,21,1,21,1,2,21,1
L19,19,18,17,16,15,14,13,12,11,10,9,8,7,6,5,4,3,2,1,21,20
19,!,!,R,,!,R,,!,!,,R,!,,!,R,,!,,!,R,
18,,,!,!!,,!,!!,!,,,!,!,!,,!,!,W7:,!!,,!,!
17,,,!,,,!,,!,,!,!,,!,!,!,,!,,W7:,!,
16,!,!,R,,!,R,,!,!,,R,!,,!,R,,!,,!,R,
15,,,!,!!,,!,!!,!,,,!,,!,,!,!,!,!!,,!,!
14,,,1A!,,,!,,!,S!,,!,!,!,,S!,,!,,,S!,
13,S!,,!,,1A!,1B!,,!,,!,S!,,!,!,!,,S!,,!,!,
12,,,!,,,!,,1B!,,,!,,!,,!,,!,,,!,
11,!,!,R,,!,R,,!,!,,R,!,,!,R,,!,,!,R,
10,,,!,!!,,!,!!,!,,,!,,!,,!,!,!,!!,,!,!
9,,,!,,,!,,!,S!,,!,!,!,,S!,,!,,,S!,
8,S!,,!,,,!,,!,,!,S!,,!,!,!,,S!,,!,!,
7,!,!,R,,!,R,,!,!,,R,!,,!,R,,!,,!,R,
6,,,!,!!,,!,!!,!,,,!,,!,,!,!,!,!!,,!,!
5,,,!,,,!,,!,,,!,!,!,,!,,!,,,!,
4,,,!,,,!,,!,,!,!,,!,!,!,,!,,!,!,
3,!,!,R,,!,R,,!,!,,R,!,,!,R,,!,,!,R,
2,,,!,!!,,1B!,!!,!,,,!,,!,,!,!,!,!!,,!,!
1,,,!,,,!,,1B!,,,!,,!,,!,,!,,,!,
21,!,!,!,!,!,1B!,!,!,S!,!,!,!,!,!,S!,!,!,!,!,S!,!
20,S!,,!,,,!,,1B!,,,S!,,!,,!,,S!,,,!,
,3,3,3,3,4,3,4,1,2,4,4,2,2,3,3,3,21,21,3,3,3
L18,19,18,17,16,15,14,13,12,11,10,9,8,7,6,5,4,3,2,1,21,20
19,,R,!,,R,!,,,,R,!,,,R,!,,!,!!,R,!,
18,,,,R,,,R,,,,,R,!,,,R,!,!!,,,R
17,!!,!!,!!,!!,!!,!!,!!,!!,!!,!!,!!,!!,!!,!!,!!,!!,!!,W7:,!!,!!,!!
16,,R,!,,R,!,,,,R,!,,,R,!,,!,!!,R,!,
15,!,@,1A!,R,@,!,R,!,S,!,@,R,!,!,S,R,!,!!,!,S,R
14,S,,,!,1A!,,,,,!,S,,,,,!,S,!!,,,!
13,!,,,,,,!!,,!!,,,,!!,,,,!,!!,,,
12,,,,!,,,1B!,,,,,!,,,,!,!,!!,,,!
11,,R,!,,R,!,,,,R,!,,,R,!,,!,!!,R,!,
10,!,@,!,R,@,!,R,!,S,!,@,R,!,!,S,R,!,!!,!,S,R
9,S,,,!,,,,,,!,S,,,,,!,S,!!,,,!
8,!,,,!,,,!!,,!!,,,!,!!,,,!,!,!!,,,!
7,,R,!,,R,!,,,,R,!,,,R,!,,!,!!,R,!,
6,,!,,R,!,,R,!,,,,R,!,!,,R,!,!!,!,,R
5,!,,,!,,,,,,!,,,,,,!,!,!!,,,!
4,@,,,!,,,!!,,!!,,,!,!!,,,!,!,!!,,,!
3,,R,!,,R,!,,,,R,!,,,R,!,,!,!!,R,!,
2,,!,,R,!,,R,!,,,,R,!,!,,R,!,!!,!,,R
1,!,,,,,,1B!,,S,,,,,,S,,!,!!,,S,
21,S,!,@,!,!,@,!,!,!,!,S,!,@,!,!,!,S,!!,!,!,!
20,!,,,!,,,1B!,,,,,!,,,,!,!,!!,,,!
,2,3,3,2,3,21,2,4,3,21,2,2,3,3,3,21,21,2,3,3,21
L17,19,18,17,16,15,14,13,12,11,10,9,8,7,6,5,4,3,2,1,21,20
19,B,,!,B,,@,B,1B!,,@,B,,B,,,@,!,B,,,@
18,,!,B,,!,B,,,B,!,,,B,,B,!,!,,,B,!
17,!,,,!,,!,!,!,,!,!,!,,!,,!,W7:,!,!,,!
16,B,!,!,B,!,!,B,!,!,!,B,!,B,!,!,!,!,B,W7:,!,!
15,,!,B,,!,B,,,B,!,,,B,,B,!,!,,,B,!
14,!,!,@,1A!,!,@,!,!,!,S,!,!,@,!,!,S,!,!,!,!,S
13,,,,,,!,,!,,!,,!,,!,,!,!,,!,,!
12,,!,,,!,1B!,,!,,!,,,,!,,!,!,,!,,!
11,B,,!,B,,!,B,1B!,,!,B,,B,,,!,!,B,,,!
10,,!,B,,!,B,,,B,!,,,B,,B,!,!,,,B,!
9,!,!,@,!,!,@,!,!,!,S,!,!,@,!,!,S,!,!,!,!,S
8,,,,,,!,,!,,!,,!,,!,,!,!,,!,,!
7,B,,!,B,,!,B,!,,!,B,,B,!,,!,!,B,!,,!
6,,!,B,,!,B,,,B,!,,,B,,B,!,!,,,B,!
5,!,,,!,,@,!,,,@,!,,,,,@,!,!,,,@
4,,!,,,!,!,,!,,!,,!,,!,,!,!,,!,,!
3,B,,!,B,,!,B,!,,!,B,,B,!,,!,!,B,!,,!
2,,!,B,,!,B,,,B,!,,,B,,B,!,!,,,B,!
1,!,,,!,,1B!,!,,,!,!,,,,,!,!,!,,,!
21,!,!,@,!,!,@,!,1B!,!,S,!,!,@,!,!,S,!,!,!,!,S
20,,!,,,,1B!,,!,,!,,,,!,,!,!,,!,,!
,4,2,21,3,21,3,4,21,3,3,4,21,2,21,3,4,21,3,21,3,4
L16,19,18,17,16,15,14,13,12,11,10,9,8,7,6,5,4,3,2,1,21,20
19,!,,!,R,!,,R,!!,,!,!,R,,!,,R,!,!,!,,R
18,,B,!,,B,!!,!,B,,,,B,!,B,,!,!,,B,,!
17,,R,!,!,R,,,!!,!,R,,!,,R,!,,!,!,R,!,
16,!,,!,R,!,,R,!!,,!,!,R,,!,,R,!,!,!,,R
15,!,B,!,,B,!!,!,B,,,!,B,!,B,,!,!,,B,,!
14,!,@,1A!,!,!,@,!,!!,S,!,!,!,@,!,S,!,!,!,!,S,!
13,S,,!,!,1A!,!!,,!!,!,,S,!,,!,!,,S,!,!,!,
12,,R,!,,R,,,!!,!,R,,!,,R,!,,!,,R,!,
11,!,,!,R,!,,R,!!,,!,!,R,,!,,R,!,!,!,,R
10,!,B,!,,B,!!,!,B,,,!,B,!,B,,!,!,,B,,!
9,,,!,,!,,,!!,S,,,!,,!,S,,!,,!,S,
8,S,R,!,!,R,@,!,!!,!,R,S,!,@,R,!,!,S,!,R,!,!
7,!,,!,R,!,,R,!!,,!,!,R,,!,,R,!,!,!,,R
6,,B,!,,B,!!,!,B,,,,B,!,B,,!,!,,B,,!
5,,,!,,!,,,!!,!,,,!,,!,!,,!,,!,!,
4,,R,!,!,R,,,!!,!,R,,!,,R,!,,!,!,R,!,
3,!,,!,R,!,,R,!!,,!,!,R,,!,,R,!,!,!,,R
2,,B,!,,B,!!,!,B,,,!,B,!,B,,!,!,,B,,!
1,!,,!,,!,,,!!,!,,,!,,!,!,,!,,!,!,
21,!,@,!,!,!,@,!,!!,S,!,!,!,@,!,S,!,!,!,!,S,!
20,S,R,!,!,R,@,!,!!,!,R,S,!,@,R,!,!,S,!,R,!,!
,21,21,21,6,8,7,6,21,21,21,21,21,20,8,21,21,21,21,21,21,21
L15,19,18,17,16,15,14,13,12,11,10,9,8,7,6,5,4,3,2,1,21,20
19,PP,PP!,RP,PP,PP!,RPP,PP,P,PP!,PP,RPP,P,PP,PP!,RPP,PP,PP!,PP,PP!,RPP,PP
18,BP,P,PP,BP,,PP,BP,PP,PP,P,BP,PP,BP,,PP,PP!,PP!,BP,P,PP,PP!
17,PP,PP,BP,P,PP,B,P,PP,BP,PP!,PP,P,BP,PP,BP,P,PP!,PP,PP,BP,P
16,PP,PP!,RP,PP,PP!,RPP,PP,P,PP!,PP,RPP,P,PP,PP!,RPP,PP,PP!,PP,PP!,RPP,PP
15,BP,P,PP,BP,,PP,BP,PP,PP,P,BP,PP,BP,,PP,PP!,PP!,BP,P,PP,PP!
14,P,PP,BP,,PP,B,,PP,BP,PP,P,P,B,PP,BP,P,PP!,P,PP,BP,P
13,P,PP,P,P,PP,P,P,P,P,PP,P,PP,,PP,P,PP,PP!,P,PP,P,PP
12,PP!,PP,P,PP!,PP,,PP!,PP,P,PP,PP!,PP,P,PP,P,PP,PP!,PP!,PP,P,PP
11,PP,PP!,RP,PP,PP!,RPP,PP,P,PP!,PP,RPP,P,PP,PP!,RPP,PP,PP!,PP,PP!,RPP,PP
10,PBP,P,PP,PBP,,PP,PBP,PP,PP,P,PBP,PP,PBP,,PP,PP!,PP!,PBP,P,PP,PP!
9,P,PP,BPP,,PP,BPP,,PP,BPP,PP,P,P,BP,PP,BPP,P,PP!,P,PP,BPP,P
8,PP!,PP,P,PP!,PP,,PP!,PP,P,PP!,PP!,PP,P,PP,P,PP,PP!,PP!,PP,P,PP
7,PP,PP!,RP,PP,PP!,RPP,PP,P,PP!,PP,RPP,P,PP,PP!,RPP,PP,PP!,PP,PP!,RPP,PP
6,PBP,P,PP,PBP,,PP,PBP,PP,PP,P,PBP,PP,PBP,,PP,PP!,PP!,PBP,P,PP,PP!
5,P,P,BPP,,P,BPP,,PP!,BPP,P,P,P,BP,P,BPP,P,PP!,P,P,BPP,P
4,PP,PP,P,P,PP,,P,PP,P,PP!,PP,P,P,PP,P,P,PP!,PP,PP,P,P
3,PP,PP!,RP,PP,PP!,RPP,PP,P,PP!,PP,RPP,P,PP,PP!,RPP,PP,PP!,PP,PP!,RPP,PP
2,BP,PP,PP,BP,P,PP,BP,PP,PP,PP,BP,PP,BP,P,PP,PP!,PP!,BP,PP,PP,PP!
1,PP,P,BP,PP,P,BP,PP,PP,BP,P,PP,PP,BP,P,BP,PP,PP!,PP,P,BP,PP
21,P,PP!,PP,,PP!,PP,,PP,PP,PP,P,P,P,PP,PP,P,PP!,P,PP,PP,P
20,PP!,PP,P,PP!,PP,,PP!,PP,P,PP,PP!,PP,P,PP,P,PP,PP!,PP!,PP,P,PP
,21,21,21,21,21,21,21,21,21,21,21,21,21,21,21,21,21,21,21,21,21
L14,19,18,17,16,15,14,13,12,11,10,9,8,7,6,5,4,3,2,1,21,20
19,P,PR,P,P,PR,P,!!,P,P,PR,P,P,P,PR,P,P,P,P,PR,P,P
18,P,P,P,R,P,P,PR,P,P,P,P,PR,!!,P,P,PR,P,P,P,P,PR
17,P,!!,!!,P,!!,!!,P,!!,P,P,!!,!!,P,!!,!!,P,P,P,!!,!!,P
16,P,PR,P,P,PR,P,!!,P,P,PR,P,P,P,PR,P,P,P,P,PR,P,P
15,P,P,P,R,P,P,PR,P,P,P,P,PR,!!,P,P,PR,P,P,P,P,PR
14,P,!!,!!,P,!!,R7:,P,!!,P,P,!!,!!,P,!!,!!,P,P,P,!!,!!,P
13,P,!!,P,P,!!,P,!!,R7:,P,P,P,!!,P,!!,P,P,P,P,!!,P,P
12,P,!!,P,P,!!,P,P,!!,P,P,P,!!,P,!!,P,P,P,P,!!,P,P
11,P,PR,P,P,PR,P,!!,P,P,PR,P,P,P,PR,P,P,P,P,PR,P,P
10,P,P,P,R,P,P,PR,P,P,P,P,PR,!!,P,P,PR,P,P,P,P,PR
9,P,P,!!,P,P,!!,P,P,P,P,!!,P,P,P,!!,P,P,P,P,!!,P
8,P,!!,P,P,!!,P,P,!!,P,P,P,!!,P,!!,P,P,P,P,!!,P,P
7,P,PR,P,P,PR,P,!!,P,P,PR,P,P,P,PR,P,P,P,P,PR,P,P
6,P,P,P,R,P,P,PR,P,P,P,P,PR,!!,P,P,PR,P,P,P,P,PR
5,P,P,!!,P,P,!!,P,P,P,P,!!,P,P,P,!!,P,P,P,P,!!,P
4,P,!!,!!,P,!!,!!,P,!!,P,P,!!,!!,P,!!,!!,P,P,P,!!,!!,P
3,P,PR,P,P,PR,P,!!,P,P,PR,P,P,P,PR,P,P,P,P,PR,P,P
2,P,P,P,R,P,P,PR,P,P,P,P,PR,!!,P,P,PR,P,P,P,P,PR
1,P,!!,P,P,!!,P,P,!!,P,P,P,!!,P,!!,P,P,P,P,!!,P,P
21,P,P,!!,P,P,!!,P,P,P,P,!!,P,P,P,!!,P,P,P,P,!!,P
20,P,!!,P,P,!!,P,P,!!,P,P,P,!!,P,!!,P,P,P,P,!!,P,P
,21,21,21,6,8,4,11,21,21,21,21,21,19,8,21,21,21,21,21,21,21
L13,19,18,17,16,15,14,13,12,11,10,9,8,7,6,5,4,3,2,1,21,20
19,PBP,PP,P,PBP,PP,,PBP,PP!,P,PP,PBP,PP,BP,PP,P,PP,PP!,PBP,PP,P,PP
18,PP,PP!,PB,PP,PP,PPB,PP!,P,PPB,PP,PP,P,PPB,PP!,PPB,PP,PP!,PP,PP!,PPB,PP
17,P,P,PP,P,,PP,P,PP,PP!,P,P,PP,P,,PP,PP,PP!,P,P,PP,PP
16,PBP,PP,P,BP,PP,,BP,PP!,P,PP,PBP,P,BP,PP,P,P,PP!,PBP,PP,P,P
15,PP,PP!,PB,PP,PP,PPB,PP!,P,PPB,PP,PP,P,PPB,PP!,PPB,PP,PP!,PP,PP!,PPB,PP
14,P,P,PP,P,,PP,P,PP,PP,P,P,PP,P,,PP,PP!,PP!,P,P,PP,PP!
13,P,PP,P,,PP,,R7:,PP,P,PP,P,P,,PP,P,P,PP!,P,PP,P,P
12,P,PP,P,P,PP,P,P,P,P,PP,P,PP,,PP,P,PP,PP!,P,PP,P,PP
11,PBP,PP,P,PBP,PP,,PBP,PP!,P,PP,PBP,PP,BP,PP,P,PP,PP!,PBP,PP,P,PP
10,PP,PP!,PB,PP,PP,PPB,PP!,P,PPB,PP,PP,P,PPB,PP!,PPB,PP,PP!,PP,PP!,PPB,PP
9,PP,P,PP,PP,,PP,PP!,PP,PP,P,PP,PP,PP!,,PP,PP!,PP!,PP,P,PP,PP!
8,P,PP,PP,,PP,PP,,PP,PP!,PP,P,P,P,PP,PP,P,PP!,P,PP,PP,P
7,PBP,PP,P,PBP,PP,,PBP,PP!,P,PP,PBP,PP,BP,PP,P,PP,PP!,PBP,PP,P,PP
6,PP,PP!,PB,PP,PP,PPB,PP!,P,PPB,PP,PP,P,PPB,PP!,PPB,PP,PP!,PP,PP!,PPB,PP
5,PP!,P,PP,PP!,,PP,PP!,PP,PP,P,PP,PP,PP!,,PP,PP,PP!,PP,P,PP,PP
4,P,P,PP!,,P,PP!,,PP!,PP!,P,P,P,P,P,PP!,P,PP!,P,P,PP!,P
3,PBP,PP,P,BP,PP,,BP,PP!,P,PP,PBP,P,BP,PP,P,P,PP!,PBP,PP,P,P
2,PP,PP!,PB,PP,PP,PPB,PP!,P,PPB,PP,PP,P,PPB,PP!,PPB,PP,PP!,PP,PP!,PPB,PP
1,P,PP,PP,P,P,PP,P,PP!,PP,PP,P,PP,P,P,PP,PP,PP!,P,PP,PP,PP
21,PP,P,P,PP,P,P,PP!,PP,P,P,PP,PP,P,P,P,PP!,PP!,PP,P,P,PP!
20,P,PP,PP,,PP,PP,,PP!,PP,PP,P,P,P,PP,PP,P,PP!,P,PP,PP,P
,21,3,4,4,3,4,1,21,4,3,2,4,3,4,4,3,21,1,4,4,3
L12,19,18,17,16,15,14,13,12,11,10,9,8,7,6,5,4,3,2,1,21,20
19,!,!,!,,!,!,,!,!,,!,,,!,!,,!,,!,!,
18,!,B,,!,B,,!,B,,,,B,!,B,,,!,!,B,,
17,@,,!,!,,!,,!,,,!,!,!,,!,!,!,,,!,!
16,!,!,!,,!,!,,!!,!,!,!,,,!!,!,,!,,!!,!,
15,!,B,1A!,,B,,!,B,S,,,B,!,B,S,,!,!,B,S,
14,S,,!,!,1A!,,,!,,,S,!,!,,,!,S,,,,!
13,!,,,!,,R7:,,!,!,!,,!,,!,!,!,!,,!,!,!
12,!,!,!,!,!,!,!,R7:,!,!,!,!,!,!!,!,!,!,!,!!,!,!
11,!,!,!,,!,!,,!,!,,!,,,!,!,,!,,!,!,
10,!,B,,!,B,,!,B,S,,,B,!,B,S,,!,!,B,S,
9,S,,!,!,,,,!,,,S,!,!,,,!,S,,,,!
8,!,,,!,,!,,!,!,!,,!,,!,!,!,!,,!,!,!
7,!,!,!,,!,!,,!!,!,!,!,,,!!,!,,!,,!!,!,
6,!,B,!,!,B,!,!,B,!,!,!,B,!,B,!,!,!,!,B,!,!
5,@,,!,!,,,,!,,,,!,!,,,!,!,,,,!
4,!,,,!,,!,,!,,!,,!,,!,,!,!,,!,,!
3,!,!,!,,!,!,,!!,!,!,!,,,!!,!,,!,,!!,!,
2,!,B,,!,B,,!,B,,,,B,!,B,,,!,!,B,,
1,!,,!,!,,!,,!,S,,,!,!,,S,!,!,,,S,!
21,S,!,@,!,!,@,!,!,!,!,S,!,@,!,!,!,S,!,!,!,!
20,!,,!,!,,!,,!,!,,,,,,!,!,!,,,!,!
,21,21,21,21,21,21,21,21,21,21,21,21,21,21,21,21,21,21,21,21,21
L11,19,18,17,16,15,14,13,12,11,10,9,8,7,6,5,4,3,2,1,21,20
19,!,!,!,R,!,!,R,!,!,!,!,R,!,!,!,R,!,!,!,!,R
18,B,!,!,B,@,!,B,!,!,@,B,@,B,!,!,@,!,B,!,!,@
17,!,R,B,!,R,B,!,!,B,R,!,!,B,R,B,!,!,!,R,B,!
16,!,!,!,R,!,!,R,!,!,!,!,R,!,!,!,R,!,!,!,!,R
15,B,!,!,B,!,!,B,!,!,!,B,!,B,!,!,!,!,B,!,!,!
14,!,!,B,1A!,@,B,!,!,B,S,!,@,B,!,B,S,!,!,!,B,S
13,!,!,!,!,!,!,!,!,!,!,!,!,!,!,!,!,!,!,!,!,!
12,!,R,!,!,R,!,!,!,!,R,!,!,!,R,!,!,!,!,R,!,!
11,!,!,!,R,!,!,R,!,!,!,!,R,!,!,!,R,!,!,!,!,R
10,B,!,!,B,!,!,B,!,!,!,B,!,B,!,!,!,!,B,!,!,!
9,!,!,B,!,@,B,!,!,B,S,!,@,B,!,B,S,!,!,!,B,S
8,!,R,!,!,R,!,!,!,!,R,!,!,!,R,!,!,!,!,R,!,!
7,!,!,!,R,!,!,R,!,!,!,!,R,!,!,!,R,!,!,!,!,R
6,B,!,!,B,!,!,B,!,!,!,B,!,B,!,!,!,!,B,!,!,!
5,!,!,B,!,@,B,!,!,B,@,!,@,B,!,B,@,!,!,!,B,@
4,!,R,!,!,R,!,!,!,!,R,!,!,!,R,!,!,!,!,R,!,!
3,!,!,!,R,!,!,R,!,!,!,!,R,!,!,!,R,!,!,!,!,R
2,B,!,!,B,!,!,B,!,!,!,B,!,B,!,!,!,!,B,!,!,!
1,!,!,B,!,!,B,!,!,B,!,!,!,B,!,B,!,!,!,!,B,!
21,!,!,!,!,@,!,!,!,!,S,!,@,!,!,!,S,!,!,!,!,S
20,!,R,!,!,R,!,!,!,!,R,!,!,!,R,!,!,!,!,R,!,!
,3,3,21,4,3,4,4,21,3,2,21,4,4,3,3,3,21,2,3,3,3
L10,19,18,17,16,15,14,13,12,11,10,9,8,7,6,5,4,3,2,1,21,20
19,!,!,R!,,!,R!,,!,!,,R!,!,,!,R!,,!,,!,R!,
18,,,!,!,,!,!,!,,,@,!,!,,,!,!,,,,!
17,,!,!,,!,,,!,,!,!,,!,!,,,!,!,!,,
16,!,!,R!,,!,R!,,!,!,,R!,!,,!,R!,,!,,!,R!,
15,,,!,!,,,!,!,,,!,,!,,,,!,,,,
14,!!,,1A!,,,!,,!,S,,!,!,!,,S,!,!,,,S,!
13,S,!,!,,1A!,,,!,!,!,S,,!,!,!,,S,!,!,!,
12,,,!,!,,,!,!,,,!,,!,,,!,!,,,,!
11,!,!,R!,,!,R!,,!,!,,R!,!,,!,R!,,!,,!,R!,
10,,,!,!,,,!,!,,,!,,!,,,,!,,,,
9,!,!,!,@,!,!,!,KB:,S,!,!,!,!,@,S,!,1D!,!,!,S,!
8,S,!,!,,!,,,!,!,KB:,S,,!,!,!,,S,!,1D!,!,
7,!,!,R!,,!,R!,,!,!,,R!,!,,!,R!,,!,,!,R!,
6,,,!,!,,,!,!,,,!,,!,,,!,!,,,,!
5,,,!,!,,!,!,!,,,!,!,!,,,!,!,,,,!
4,,!,!,,!,,,!,,!,@,,!,!,,,!,!,!,,
3,!,!,R!,,!,R!,,!,!,,R!,!,,!,R!,,!,,!,R!,
2,!,!,!,!,!,!,!,!,!,!,!,!,!,!,!,!,!,!,!,!,!
1,,,!,!,,!,!,!,,,!,!,!,,,!,!,,,,!
21,!,!,!,@,!,!,!,!,S,!,!,!,!,@,S,!,!,!,!,S,!
20,S,,!,!,,,!,!,!,,S,,!,,!,,S,,,!,
,3,4,3,21,4,3,21,3,21,3,3,4,21,4,3,3,21,3,4,3,3
L9,19,18,17,16,15,14,13,12,11,10,9,8,7,6,5,4,3,2,1,21,20
19,B,R,,B,R,,B,,!,R,B,,B,R,!,,!,B,R,!,
18,,,B,R,,B,R,!,B,,,R,B,,B,R,!,,,B,R
17,!,!,,!,!,,!,!,!,,!,!,!,!,,!,!,!,!,,!
16,B,R,,B,R,,B,,!,R,B,,B,R,!,,!,B,R,!,
15,,,B,R,,B,R,!,B,,,R,B,,B,R,!,,,B,R
14,!,!,,!,!,!,!,,!,!,!,,!,!,,,!,!,!,,
13,,!,!,!,!,,!,,!,,!,,!,!,,!,!,!,!,,!
12,,,,!,,,!,!,!,!,,!,!,,!,!,!,,,!,!
11,B,R,,B,R,,B,,!,R,B,,B,R,,,!,B,R,,
10,,,B,R,,B,R,!,B,,,R,B,,B,R,!,,,B,R
9,!,!,,!,!,,!,,!,!,!,,!,!,,,!,!,!,,
8,!,!,!,!,!,!,!,!,KB:,!,!,!,!,!,!,!,!,1D!,!,!,!
7,B,R,!,B,R,!,B,!,!,R,B,!,B,R,!,!,!,B,R,!,!
6,,,B,R,,B,R,!,B,,,R,B,,B,R,!,,,B,R
5,!,!,,!,!,,!,,!,,!,!,!,!,,,!,!,!,,
4,,!,!,!,!,,!,,!,!,,,!,!,,!,!,!,!,,!
3,B,R,!,B,R,!,B,!,!,R,B,!,B,R,!,!,!,B,R,!,!
2,,,B,R,,B,R,!,B,,,R,B,,B,R,!,,,B,R
1,!,!,,!,!,,!,,!,,!,,!,!,,,!,!,!,,
21,!,!,!,!,!,!,!,!,!,!,!,!,!,!,!,!,!,!,!,!,!
20,,!,,!,!,,!,!,!,,,!,!,!,,!,!,,!,,!
,2,4,21,2,4,4,4,21,4,4,2,21,3,21,4,4,21,4,21,4,4
L8,19,18,17,16,15,14,13,12,11,10,9,8,7,6,5,4,3,2,1,21,20
19,!,,!,R,,!!,R,!,,,!,R,,@,,R,!,!,@,,R
18,,B,!,!!,B,,!,B,!!,!,,B,!,B,!!,,!,!,B,!!,
17,,R,!,,R,!,,!,!,R,,!,!,R,!,,!,,R,!,!
16,!,,!,R,,!!,R,!,,!,!,R,,!,,R,!,!,!,,R
15,,B,!,,B,,!,B,!!,!,,B,!,B,!!,,!,!,B,!!,
14,,,!,!!,,,,!,,,,!,,@,,!!,!,,@,,
13,,!,!,,!,!,,!,!,!,,!,,!,!,!,!,,!,!,!
12,!,R,!,!,R,!,!,!,!,R,!,!,!,R,!,!,!,!,R,!,!
11,!,,!,R,,!!,R,!,,,!,R,,!,,R,!,!,!,,R
10,,B,!,,B,,!,B,!!,!,,B,!,B,!!,,!,!,B,!!,
9,,,!,!!,,,,!,,,,!,,@,,!!,!,,@,,
8,,R,!,,R,!,,KB:,!,R,,!,!,R,!,,1D!,,R,!,!
7,!,,!,R,,!!,R,!,,KB:,!,R,,!,,R,!,!,1D!,,R
6,,B,!,,B,,!,B,!!,!,,B,!,B,!!,,!,!,B,!!,
5,,,!,!!,,,,!,,,,!,,@,,!!,!,,@,,
4,,R,!,,R,!,,!,!,R,,!,!,R,!,,!,,R,!,!
3,!,,!,R,,!!,R,!,,!,!,R,,!,,R,!,!,!,,R
2,,B,!,,B,,!,B,!!,,,B,!,B,!!,,!,!,B,!!,
1,!,@,!,!,!,@,!,!,!,@,!,!,!,@,!,!,!,!,@,!,!
21,!,!,!,!,!,!,!,!,!,!,!,!,!,!,!,!,!,!,!,!,!
20,,R,!,,R,!,,!,!,R,,!,,R,!,!,!,,R,!,!
,21,21,21,21,20,21,21,21,21,21,21,21,21,20,21,21,21,21,21,21,21
L7,19,18,17,16,15,14,13,12,11,10,9,8,7,6,5,4,3,2,1,21,20
19,CC,CC!,RC,CC,CC!,RCC,CC,C,CC!,CC,RCC,C,CC,CC!,RCC,CC,CC!,CC,CC!,RCC,CC
18,BC,C,CC!,BC,,CC!,BC,CC!,CC!,C,BC,CC!,BC,,CC!,CC!,CC!,BC,C,CC!,CC!
17,CC!,CC,BC,C,CC,B,C,CC,BC,CC,CC!,C,BC,CC,BC,C,CC!,CC!,CC,BC,C
16,CC,CC!,RC,CC,CC!,RCC,CC,C,CC!,CC,RCC,C,CC,CC!,RCC,CC,CC!,CC,CC!,RCC,CC
15,BC,CC,CC,BC,C,CC!,BC,CC,CC,CC!,BC,CC,BC,C,CC,CC,CC!,BC,CC,CC,CC
14,CC,CC,BC,CC!,CC,B,CC!,CC,BC,CC,CC!,CC!,BC,CC,BC,CC!,CC!,CC,CC,BC,CC!
13,CC,CC,CC!,CC,CC,CC!,CC,C,CC,CC!,CC!,CC,CC,CC,CC!,CC,CC!,CC,CC,CC!,CC
12,CC!,CC,CC,CC!,CC,C,CC!,CC,CC,CC,CC!,CC,CC!,CC,CC,CC,CC!,CC!,CC,CC,CC
11,CC,CC!,RC,CC,CC!,RCC,CC,C,CC!,CC,RCC,C,CC,CC!,RCC,CC,CC!,CC,CC!,RCC,CC
10,CBC,CC,CC,CBC,C,CC!,CBC,CC,CC,CC!,CBC,CC,CBC,C,CC,CC,CC!,CBC,CC,CC,CC
9,CC,CC,BCC,CC!,CC,BCC,CC!,CC,BCC,CC,CC!,CC!,BCC,CC,BCC,CC!,CC!,CC,CC,BCC,CC!
8,CC!,CC!,CC!,CC!,CC!,C,CC!,CC!,CC!,CC!,CC!,CC!,CC!,CC!,CC!,CC!,CC!,CC!,CC!,CC!,CC!
7,CC,CC!,RC,CC,CC!,RCC,CC,C,CC!,CC,RCC,C,CC,CC!,RCC,CC,CC!,CC,CC!,RCC,CC
6,CBC,CC,CC,CBC,C,CC!,CBC,CC,CC,CC!,CBC,CC,CBC,C,CC,CC,CC!,CBC,CC,CC,CC
5,CC,CC,BCC,CC!,CC,BCC,CC!,CC,BCC,CC,CC!,CC!,BCC,CC,BCC,CC!,CC!,CC,CC,BCC,CC!
4,CC!,CC,CC,CC!,CC,C,CC!,CC,CC,CC,CC!,CC,CC!,CC,CC!,CC,CC!,CC!,CC,CC!,CC
3,CC,CC!,RC,CC,CC!,RCC,CC,C,CC!,CC,RCC,C,CC,CC!,RCC,CC,CC!,CC,CC!,RCC,CC
2,CBC,CC,CC,CBC,C,CC!,CBC,CC,CC,CC!,CBC,CC,CBC,C,CC,CC,CC!,CBC,CC,CC,CC
1,CC,CC,BCC,CC!,CC,BCC,CC!,CC,BCC,CC,CC!,CC!,BCC,CC,BCC,CC!,CC!,CC,CC,BCC,CC!
21,CC,CC!,CC,CC,CC!,CC!,CC,CC,CC,CC!,CC!,CC,CC,CC,CC!,CC,CC!,CC!,CC,CC!,CC
20,CC!,CC,CC,CC!,CC,C,CC!,CC,CC,CC,CC!,CC,CC!,CC,CC,CC,CC!,CC!,CC,CC,CC
,21,17,20,21,17,20,4,17,21,21,20,17,4,17,20,21,21,21,17,20,21
L6,19,18,17,16,15,14,13,12,11,10,9,8,7,6,5,4,3,2,1,21,20
19,C,CR,C,C,CR,C,,C,C,CR,C,C,C,CR,C,C,C,C,CR,C,C
18,C,C,C,R,C,C,CR,C,C,C,C,CR,,C,C,CR,C,C,C,C,CR
17,C,,,C,,,C,,C,C,,,C,,,C,C,C,,,C
16,C,CR,C,C,CR,C,,C,C,CR,C,C,C,CR,C,C,C,C,CR,C,C
15,C,C,C,R,C,C,CR,C,C,C,C,CR,,C,C,CR,C,C,C,C,CR
14,C,,C,C,,C,C,,C,C,C,,C,,C,C,C,C,,C,C
13,C,C,C,C,C,C,,C,C,C,C,C,C,C,C,C,C,C,C,C,C
12,C,C,C,C,C,C,C,C,C,C,C,C,C,C,C,C,C,C,C,C,C
11,C,CR,C,C,CR,C,,C,C,CR,C,C,C,CR,C,C,C,C,CR,C,C
10,C,C,C,R,C,C,CR,C,C,C,C,CR,,C,C,CR,C,C,C,C,CR
9,C,C,C,C,C,C,C,C,C,C,C,C,C,C,C,C,C,C,C,C,C
8,C,C,C,C,C,C,C,C,C,C,C,C,C,C,C,C,C,C,C,C,C
7,C,CR,C,C,CR,C,,C,C,CR,C,C,C,CR,C,C,C,C,CR,C,C
6,C,C,C,R,C,C,CR,C,C,C,C,CR,,C,C,CR,C,C,C,C,CR
5,C,C,C,C,C,C,C,C,C,C,C,C,C,C,C,C,C,C,C,C,C
4,C,C,C,C,C,C,C,C,C,C,C,C,C,C,C,C,C,C,C,C,C
3,C,CR,C,C,CR,C,,C,C,CR,C,C,C,CR,C,C,C,C,CR,C,C
2,C,C,C,R,C,C,CR,C,C,C,C,CR,,C,C,CR,C,C,C,C,CR
1,C,C,C,C,C,C,C,C,C,C,C,C,C,C,C,C,C,C,C,C,C
21,C,C,C,C,C,C,C,C,C,C,C,C,C,C,C,C,C,C,C,C,C
20,C,C,C,C,C,C,C,C,C,C,C,C,C,C,C,C,C,C,C,C,C
,21,21,21,21,20,17,21,21,21,21,21,21,21,20,21,21,21,21,21,21,21
L5,19,18,17,16,15,14,13,12,11,10,9,8,7,6,5,4,3,2,1,21,20
19,CBC,CC!,CC,CBC,CC!,C,CBC,CC,CC,CC!,CBC,CC,CBC,CC!,CC,CC,CC!,CBC,CC!,CC,CC
18,CC!,CC,CB,CC!,CC,CCB,CC!,C,CCB,CC,CC!,C,CCB,CC,CCB,CC,CC!,CC!,CC,CCB,CC
17,C,C,CC,C,,CC!,C,CC,CC,C,C,CC,C,,CC,CC,CC!,C,C,CC,CC
16,CBC,CC!,C,BC,CC!,,BC,CC!,C,CC!,CBC,C,BC,CC!,C,C,CC!,CBC,CC!,C,C
15,CC!,CC,CB,CC!,CC,CCB,CC!,C,CCB,CC,CC!,C,CCB,CC,CCB,CC,CC!,CC!,CC,CCB,CC
14,C,CC,CC,C,C,CC!,C,CC,CC!,CC!!,C,CC,C,C,CC!,CC!!,CC!,C,CC,CC!,CC!!
13,CC,CC,C,CC,CC,,CC,CC!,C,CC,CC,CC!,C,CC,C,CC,CC!,CC,CC,C,CC
12,CC,CC,CC!,CC,CC,CC!,CC,C,CC,CC!,CC,CC,CC!,CC!,CC,CC!,CC!,CC,CC!,CC,CC!
11,CBC,CC!,CC,CBC,CC!,C,CBC,CC,CC,CC!,CBC,CC,CBC,CC!,CC,CC,CC!,CBC,CC!,CC,CC
10,CC!,CC,CB,CC!,CC,CCB,CC!,C,CCB,CC,CC!,C,CCB,CC,CCB,CC,CC!,CC!,CC,CCB,CC
9,CC,CC,CC,CC,C,CC!,CC,CC,CC!,CC!!,CC,CC,CC!,C,CC!,CC!!,CC!,CC,CC,CC!,CC!!
8,CC,CC,CC,CC,CC,CC!,CC,CC!,CC,CC,CC,CC!,CC!,CC,CC,CC,CC!,CC,CC,CC,CC
7,CBC,CC!,CC,CBC,CC!,C,CBC,CC,CC,CC!,CBC,CC,CBC,CC!,CC,CC,CC!,CBC,CC!,CC,CC
6,CC!,CC,CB,CC!,CC,CCB,CC!,C,CCB,CC,CC!,C,CCB,CC,CCB,CC,CC!,CC!,CC,CCB,CC
5,CC,CC,CC!,CC,C,CC!,CC,CC,CC,CC,CC,CC,CC!,C,CC,CC!,CC!,CC,CC,CC,CC!
4,CC,CC,CC,CC,CC,CC!,CC,CC!,CC,CC,CC,CC!,CC!,CC,CC,CC,CC!,CC,CC,CC,CC
3,CBC,CC!,CC,CBC,CC!,C,CBC,CC,CC,CC!,CBC,CC,CBC,CC!,CC,CC,CC!,CBC,CC!,CC,CC
2,CC!,CC,CB,CC!,CC,CCB,CC!,C,CCB,CC,CC!,C,CCB,CC,CCB,CC,CC!,CC!,CC,CCB,CC
1,CC,CC,CC!,CC,C,CC!,CC,CC,CC,CC,CC,CC,CC!,C,CC,CC!,CC!,CC,CC,CC,CC!
21,CC,CC,CC!,CC,CC,CC!,CC,CC,CC!,CC!!,CC,CC,CC!,CC,CC!,CC!!,CC!,CC,CC,CC!,CC!!
20,CC!,CC,CC!,CC!,CC,CC!,CC!,CC,CC,CC,CC!,CC,CC!,CC,CC,CC!,CC!,CC!,CC,CC,CC!
,21,3,3,3,4,3,2,21,4,4,4,4,21,4,4,3,21,2,4,4,3
L4,19,18,17,16,15,14,13,12,11,10,9,8,7,6,5,4,3,2,1,21,20
19,!,,!,,,!,,!,,,!,,!,,!,,!,,,!,
18,!,B,!,,B,!,,B,!,,,B,!,B,!,,!,,B,!,
17,!,!!,,!,!!,,!,!!,!,!,,!!,!,!!,,!,!,!,!!,,!
16,@,,!,,,!,,!,,,!,,!,,!,,!,,,!,
15,!,B,1A!,@,B,!,!,B,S,!,@,B,!,B,S,!,!,!,B,S,!
14,S,,,,1A!,,,!,!,,S,,!!,,!,,S,,,!,
13,!,!,!,!,!,!,!,!,!,!,!,!,!!,!,!,!,!,!,!,!,!
12,!,!!,,!,!!,,!,!!,!,!,,!!,!,!!,,!,!,!,!!,,!
11,!,,!,,,!,,!,,,!,,!,,!,,!,,,!,
10,!,B,!,@,B,!,!,B,S,!,@,B,!,B,S,!,!,!,B,S,!
9,S,,!,,,!,,!,!,,S,!,!!,,!,,S,,,!,
8,!,,,,!,,,!,,!,!,,!!,!,,,!,,!,,
7,!,!!,,!,!!,,!,!!,!,!,,!!,!,!!,,!,!,!,!!,,!
6,!,B,!,!,B,!,!,B,!,!,!,B,!,B,!,!,!,!,B,!,!
5,!,!!,,!,!!,,,!!,,!,,!!,!,!!,,!,!,,!!,,!
4,@,,!,,,!,,!,,,,!,!!,,,,!,,,,
3,!,,!,,,!,,!,,,!,,!!,,!,,!,,,!,
2,!,B,!,!,B,!,!,B,!,!,!,B,!,B,!,!,!,!,B,!,!
1,!,,,,!,,,!,S,!,,,!,!,S,,!,,!,S,
21,S,!,@,!,!,@,!,!,!,!,S,!,!!,@,!,!,S,!,!,!,!
20,!,!!,,!,!!,,,!!,,!,!,,!,!!,,!,!,,!!,,!
,4,3,2,21,3,2,21,2,3,21,2,4,21,3,2,21,21,3,3,2,21
L3,19,18,17,16,15,14,13,12,11,10,9,8,7,6,5,4,3,2,1,21,20
19,,,!,R,,!,R,,!,!,,R,!,,!,R,!,,,!,R
18,B,!,,B,!,,B,!,,@,B,,B,!,,@,!,B,!,,@
17,!,R,B,!,R,B,!,!,B,R,!,!,B,R,B,!,!,!,R,B,!
16,,,!,R,,!,R,,!,!,,R,!,,!,R,!,,,!,R
15,B,!,,B,!,,B,!,,!,B,,B,!,,!,!,B,!,,!
14,!,!,B,1A!,@,B,!,!,B,S,!,@,B,!,B,S,!,!,!,B,S
13,!,,,!,,,!,,!,!,,!,!,,,!,!,!,,,!
12,!,R,,!,R,,!,,,R,,!,!,R,,!,!,,R,,!
11,,,!,R,,!,R,,!,!,,R,!,,!,R,!,,,!,R
10,B,!,,B,!,,B,!,,!,B,,B,!,,!,!,B,!,,!
9,!,!,B,!,@,B,!,!,B,S,!,@,B,!,B,S,!,!,!,B,S
8,!,R,,!,R,,!,,!,R,,!,!,R,,!,!,!,R,,!
7,,,!,R,,!,R,,!,!,,R,!,,!,R,!,,,!,R
6,B,!,,B,!,,B,!,,!,B,,B,!,,!,!,B,!,,!
5,,,B,!,,B,!,,B,@,,,B,,B,@,!,,,B,@
4,!,R,,!,R,,!,,!,R,,!,!,R,,!,!,!,R,,!
3,,,!,R,,!,R,,!,!,,R,!,,!,R,!,,,!,R
2,B,!,,B,!,,B,!,,!,B,,B,!,,!,!,B,!,,!
1,,,B,!,,B,!,,B,!,,,B,,B,!,!,,,B,!
21,!,!,!,!,@,!,!,!,!,S,!,@,!,!,!,S,!,!,!,!,S
20,!,R,,!,R,,!,,,R,,!,!,R,,!,!,,R,,!
,3,4,2,4,2,3,4,4,2,2,3,3,4,2,21,2,21,4,2,21,2
L2,19,18,17,16,15,14,13,12,11,10,9,8,7,6,5,4,3,2,1,21,20
19,!,!,R!,,!,R!,,!,!,,R!,!,,!,R!,,!,!,!,R!,
18,,,,!,,!,!,!,,!,,!,!,,!,!,!,,,!,!
17,,,,!,,,!,!,,!,,,!,!,@,,!,,!,@,
16,!,!,R!,,!,R!,,!,!,,R!,!,,!,R!,,!,!,!,R!,
15,,,,!,,,!,,,!,,,!,,!,!,!,,,!,!
14,,!,1A!,!,,!,!,!,S,,,!,!,,S,,!,!,,S,
13,S,,,!,1A!,,!,!,,!,S,,!,!,!,,S,,!,!,
12,,!,,!,,,!,,,,,,!,,!,,!,!,,!,
11,!,!,R!,,!,R!,,!,!,,R!,!,,!,R!,,!,!,!,R!,
10,,,,!,,,!,,,!,,,!,,!,!,!,,,!,!
9,,!,,!,,!,!,!,S,,,!,!,,S,,!,!,,S,
8,S,,,!,,,!,!,,!,S,,!,!,!,,S,,!,!,
7,!,!,R!,,!,R!,,!,!,,R!,!,,!,R!,,!,!,!,R!,
6,,,,!,,,!,,1C!,!,,,!,,!,!,!,,,!,!
5,,!,,!,,!,!,!,,,1C!,B7:,!,,@,,!,!,,@,
4,!,!,!,!,!,!,!,!,!,!,!,!,!,B7:,!,!,!,!,!,!,!
3,!,!,R!,,!,R!,,!,!,,R!,!,,!,R!,,!,!,!,R!,
2,,,,!,,,!,,,!,,,!,,!,!,!,,,!,!
1,,!,,!,,,!,,,,,,!,,!,,!,!,,!,
21,!,!,@,!,!,@,!,!,S,!,!,@,!,!,S,!,!,!,!,S,!
20,S,!,,!,,,!,,,!,S,,!,,!,!,S,!,,!,!
,4,3,3,4,3,3,21,2,3,3,4,2,21,3,3,4,21,21,3,3,4
L1,19,18,17,16,15,14,13,12,11,10,9,8,7,6,5,4,3,2,1,21,20
19,B,R,,B,R,,B,,!,R,B,,B,R,!,,!,B,R,!,
18,!,!,B,R,!,B,R,!,B,!,!,R,B,!,B,R,!,!,!,B,R
17,,,!,,,!,!,!,,,,!,!!,,,!,!,!,,,!
16,B,R,,B,R,,B,,!,R,B,,B,R,!,,!,B,R,!,
15,!,!,B,R,!,B,R,!,B,!,!,R,B,!,B,R,!,!,!,B,R
14,!,,,!,,,!,,,,!,,!!,,,!,!,!,,,!
13,!,!,,!,!,,!,!,!,!,,!,!!,!,,!,!,!,!,,!
12,,,!,,,!,!,,,,!,,!!,,!,,!,!,,!,
11,B,R,,B,R,,B,,!,R,B,,B,R,!,,!,B,R,!,
10,!,!,B,R,!,B,R,!,B,!,!,R,B,!,B,R,!,!,!,B,R
9,!,,,!,,,!,,,,!,,!!,,,!,!,!,,,!
8,,,!,,,!,!,!,,,,!,!!,,,!,!,!,,,!
7,B,R,,B,R,,B,,!,R,B,,B,R,!,,!,B,R,!,
6,!,!,B,R,!,B,R,!,B,!,!,R,B,!,B,R,!,!,!,B,R
5,!!,!!,!!,!!,!!,!!,!!,!!,!!,1C!!,!!,!!,!!,!!,!!,!!,!!,!!,!!,!!,!!
4,,,!,,,!,!,,,,,,B7:,,,,!,!,,,
3,B,R,,B,R,,B,,!,R,B,,B,R,!,,!,B,R,!,
2,!,!,B,R,!,B,R,!,B,!,!,R,B,!,B,R,!,!,!,B,R
1,!,,,!,,,!,,,,!,,!!,,,!,!,!,,,!
21,!,!,!,!,!,!,!,!,!,!,!,!,!!,!,!,!,!,!,!,!,!
20,,,!,,,!,!,!,,,,!,!!,,,!,!,!,,,!
,3,3,4,4,2,3,2,21,4,4,3,21,2,21,4,1,21,4,21,4,1
L21,19,18,17,16,15,14,13,12,11,10,9,8,7,6,5,4,3,2,1,21,20
19,,,!,!,,!,,!,,!,!,!,,!,!,,!,!,!,!,
18,,B,!,,B,,!,B,!,,,B,!,B,,,!,,B,,
17,!,!,,!,,,,!,,!,!,!,,!,,!,!,!,!,,!
16,,,!,!,,!,,!,,!,!,!,,!,!,,!,!,!,!,
15,,B,1A!,,B,,!,B,S,,,B,!,B,S,,!,,B,S,
14,S,!,,!,1A!,,,!,,!,S,!,,!,,!,S,!,!,,!
13,!,,!,!,,!,,!,,!,!,!,,!,!,,!,!,!,!,
12,,,,!,,,,!,,!,,!,,!,,,!,!,!,,
11,!,!,!,!,!,!,!,!,!,!,!,!,!,!,!,!,!,!,!,!,!
10,,B,!,,B,,!,B,S,,,B,!,B,S,,!,,B,S,
9,S,!,,!,,,,!,,!,S,!,,!,,!,S,!,!,,!
8,!,,,!,,,,!,,!,!,!,,!,,,!,!,!,,
7,,,!,!,,!,,!,,!,!,!,,!,!,,!,!,!,!,
6,,B,!,,B,,!,B,!,,,B,!,B,,,!,,B,,
5,!,!,!,!,!,!,!,!,1C!,!,!,!,!,!,!,!,!,!,!,!,!
4,!,,,!,,!,,!,,!,1C!,B7:,,!,,,!,!,!,,
3,!!,!!,!!,!!,!!,!!,!!,!!,!!,!!,!!,!!,!!,B7:,!!,!!,!,!!,!!,!!,!!
2,,B,!,,B,,!,B,!,,,B,!,B,,,!,,B,,
1,,,,!,,,,!,S,!,,!,,!,S,,!,!,!,S,
21,S,!,@,!,!,@,!,!,!,!,S,!,@,!,!,!,S,!,!,!,!
20,,,!,!,,!,,!,,!,!,!,,!,!,,!,!,!,!,
,1,1,1,3,1,1,2,0,1,2,1,1,2,1,1,1,0,1,1,1,1
L20,19,18,17,16,15,14,13,12,11,10,9,8,7,6,5,4,3,2,1,21,20
19,,,,R,,,R,,,,,R,,,,R,,,,,R
18,B,,,B,,,B,,,,B,,B,,,,,B,,,
17,,R,B,,R,B,,,B,R,,,B,R,B,,,,R,B,
16,,,,R,,,R,,,,,R,,,,R,,,,,R
15,B,,,B,,,B,,,,B,,B,,,,,B,,,
14,,,B,1A!,,B,,,B,S,,,B,,B,S,,,,B,S
13,,,,,,,,,,,,,,,,,,,,,
12,,R,,,R,,,,,R,,,,R,,,,,R,,
11,,,,R,,,R,,,,,R,,,,R,,,,,R
10,B,,,B,,,B,,,,B,,B,,,,,B,,,
9,,,B,,,B,,,B,S,,,B,,B,S,,,,B,S
8,,R,,,R,,,,,R,,,,R,,,,,R,,
7,,,,R,,,R,,,,,R,,,,R,,,,,R
6,B,,,B,,,B,,,,B,,B,,,,,B,,,
5,,,B,,,B,,,B,,,,B,,B,,,,,B,
4,,R,,,R,,,,,R,,,,R,,,,,R,,
3,,,,R,,,R,,,,,R,,,,R,,,,,R
2,B,,,B,,,B,,,,B,,B,,,,,B,,,
1,,,B,,,B,,,B,,,,B,,B,,,,,B,
21,,,,,,,,,,S,,,,,,S,,,,,S
20,,R,,,R,,,,,R,,,,R,,,,,R,,
,1,1,2,1,21,20,20,0,1,1,2,1,21,20,21,0,1,1,2,0,1
C19,19,18,17,16,15,14,13,12,11,10,9,8,7,6,5,4,3,2,1,21,20
19,,,B,,PP,P,PBP,,,,B,,CC,C,CBC,,,,B,,
18,,R,,,PP,PR,PP,,,,R,,CC,CR,CC,,,,R,,
17,R,,,,RP,P,P,,,R,,,RC,C,CC,,,R,,,
16,,,B,R,PP,P,PBP,,R,,B,R,CC,C,CBC,,R,,B,,R
15,,R,,,PP,PR,PP,,,,R,,CC,CR,CC,,,,R,,
14,R,,,,RPP,P,,,,R,,,RCC,C,C,,,R,,,
13,,,B,R,PP,,PBP,,R,,B,R,CC,,CBC,,R,,B,,R
12,,,1B!,,P,P,PP,,,,,,C,C,CC,,,,,,
11,,,,,PP,P,P,,,,,,CC,C,CC,,,,,,
10,,R,,,PP,PR,PP,,,,R,,CC,CR,CC,,,,R,,
9,R,,B,,RPP,P,PBP,,,R,B,,RCC,C,CBC,,,R,B,,
8,,,,R,P,P,PP,,R,,,R,C,C,CC,,R,,,,R
7,,,B,,PP,P,BP,,,,B,,CC,C,CBC,,,,B,,
6,,R,,,PP,PR,PP,,,,R,,CC,CR,CC,,,,R,,
5,R,,,,RPP,P,P,,,R,,,RCC,C,CC,,,R,,,
4,,,,R,PP,P,PP,,R,,,R,CC,C,CC,,R,,,,R
3,,,,,PP,P,PP,,,,,,CC,C,CC,,,,,,
2,,,B,,PP,P,PBP,,,,B,,CC,C,CBC,,,,B,,
1,,R,,,PP,PR,PP,,,,R,,CC,CR,CC,,,,R,,
21,R,,,,RPP,P,P,,,R,,,RCC,C,CC,,,R,,,
20,,,,R,PP,P,PP,,R,,,R,CC,C,CC,,R,,,,R
,1,1,1,1,11,20,21,1,1,0,2,1,11,20,21,1,1,0,2,1,1
C18,19,18,17,16,15,14,13,12,11,10,9,8,7,6,5,4,3,2,1,21,20
19,,,,,BP,P,PP,,B,,,,BC,C,CC,,B,,,,B
18,,,,B,P,P,PP,B,,,,B,C,C,CC,B,,,,B,
17,,,B,,PP,P,PB,,,,B,,CC,C,CB,,,,B,,
16,,R,,,BP,R,PP,,B,,R,,BC,R,CC,,B,,R,,B
15,,,,B,,P,PP,B,,,,B,,C,CC,B,,,,B,
14,,,B,,PP,P,PPB,,,,B,,CC,C,CCB,,,,B,,
13,,R,,,BP,PR,PP,,B,,R,,BC,CR,CC,,B,,R,,B
12,,,,B,PP,P,P,B,,,,B,CC,C,C,B,,,,B,
11,,,B,,PP,P,PPB,,,,B,,CC,C,CCB,,,,B,,
10,,,,,P,P,PP,,,,,,C,C,CC,,,,,,
9,,,,,BP,P,PP,,B,,,,BC,C,CC,,B,,,,B
8,,R,,B,PP,PR,P,B,,,R,B,CC,CR,C,B,,,R,B,
7,,,B,,BP,,PPB,,B,,B,,BC,,CCB,,B,,B,,B
6,,,,B,,P,PP,B,,,,B,,C,CC,B,,,,B,
5,,,B,,PP,P,PPB,,,,B,,CC,C,CCB,,,,B,,
4,,R,,,PP,PR,PP,,,,R,,CC,CR,CC,,,,R,,
3,W7:,,,,PP,P,PP,,,,,,CC,C,CC,,,,,,
2,,,,,BP,P,PP,,B,,,,BC,C,CC,,B,,,,B
1,,,,B,P,P,PP,B,,,,B,C,C,CC,B,,,,B,
21,,,B,,PP,P,PPB,,,,B,,CC,C,CCB,,,,B,,
20,,R,,,PP,PR,PP,,,,R,,CC,CR,CC,,,,R,,
,1,1,1,1,21,3,11,0,3,0,0,1,21,3,11,0,3,0,0,0,3
C17,19,18,17,16,15,14,13,12,11,10,9,8,7,6,5,4,3,2,1,21,20
19,,,,,PP,P,P,,,,,,CC,C,C,,,,,,
18,,,,R,PP,,P,,R,,,R,CC,,C,,R,,,,R
17,,,,,BP,,PP,,B,,,,BC,,CC,,B,,,,B
16,,,,,P,P,P,,,,,,C,C,C,,,,,,
15,,,,R,PP,,,,R,,,R,CC,,,,R,,,,R
14,,,,,B,,PP,,B,,,,B,,CC,,B,,,,B
13,,,,,P,P,P,,,,,,C,C,C,,,,,,
12,,,,,PP,,PP,,,,,,CC,,CC,,,,,,
11,,,,,BP,P,PP,,B,,,,BC,C,CC,,B,,,,B
10,,,,R,PP,P,P,,R,,,R,CC,C,C,,R,,,,R
9,,,,,PP,,P,,,,,,CC,,C,,,,,,
8,,,,,P,,PP,,,,,,C,,CC,,,,,,
7,,,,,BP,P,P,,B,,,,BC,C,C,,B,,,,B
6,,,,R,PP,,,,R,,,R,CC,,,,R,,,,R
5,,,,,BP,,PP,,B,,,,BC,,CC,,B,,,,B
4,,,,,P,P,PP,,,,,,C,C,CC,,,,,,
3,,,W7:,,PP,P,PP,,,,,,CC,C,CC,,,,,,
2,,W7:,,,PP,P,P,,,,,,CC,C,C,,,,,,
1,W7:,,,R,PP,,P,,R,,,R,CC,,C,,R,,,,R
21,,,,,BP,,PP,,B,,,,BC,,CC,,B,,,,B
20,,,,,P,P,PP,,,,,,C,C,CC,,,,,,
,1,1,2,1,21,20,20,0,1,1,2,1,21,20,20,0,1,1,2,0,1
C16,19,18,17,16,15,14,13,12,11,10,9,8,7,6,5,4,3,2,1,21,20
19,,,B,,PP,P,PBP,,,,B,,CC,C,CBC,,,,B,,
18,,R,,,PP,PR,PP,,,,R,,CC,CR,CC,,,,R,,
17,R,,,,RP,P,P,,,R,,,RC,C,C,,,R,,,
16,,,B,R,PP,P,BP,,R,,B,R,CC,C,BC,,R,,B,,R
15,,R,,,PP,PR,PP,,,,R,,CC,CR,CC,,,,R,,
14,R,,,,RPP,P,,,,R,,,RCC,C,,,,R,,,
13,,,B,R,PP,,BP,,R,,B,R,CC,,BC,,R,,B,,R
12,,,,,P,P,PP,,,,,,C,C,CC,,,,,,
11,,,,,PP,P,P,,,,,,CC,C,C,,,,,,
10,,R,,,PP,PR,PP,,,,R,,CC,CR,CC,,,,R,,
9,R,,B,,RPP,P,PBP,,,R,B,,RCC,C,CBC,,,R,B,,
8,,,,R,P,P,P,,R,,,R,C,C,C,,R,,,,R
7,,,B,,PP,P,BP,,,,B,,CC,C,BC,,,,B,,
6,,R,,,PP,PR,PP,,,,R,,CC,CR,CC,,,,R,,
5,R,,,,RPP,P,P,,,R,,,RCC,C,C,,,R,,,
4,,,,R,PP,P,P,,R,,,R,CC,C,C,,R,,,,R
3,,,,,PP,P,PP,,,,,,CC,C,CC,,,,,,
2,,,B,,PP,P,PBP,,,,B,,CC,C,CBC,,,,B,,
1,,R,W7:,,PP,PR,PP,,,,R,,CC,CR,CC,,,,R,,
21,R,,,,RPP,P,P,,,R,,,RCC,C,C,,,R,,,
20,,,,R,PP,P,P,,R,,,R,CC,C,C,,R,,,,R
,0,2,1,1,11,20,21,2,1,0,2,1,21,20,21,2,1,0,2,2,1
C15,19,18,17,16,15,14,13,12,11,10,9,8,7,6,5,4,3,2,1,21,20
19,,,,,BP,P,PP,,B,,,,BC,C,CC,,B,,,,B
18,,,,B,P,P,PP,B,,,,B,CC,C,CC,B,,,,B,
17,,1A!,B,,PP,P,PB,1A!,,,B,,CC,C,CB,1A!,,,B,1A!,
16,,R,,,BP,R,PP,,B,,R,,BC,R,CC,,B,,R,,B
15,,,,B,,P,PP,B,,,,B,C,C,CC,B,,,,B,
14,,,B,,PP,P,PPB,,,,B,,CC,C,CCB,,,,B,,
13,,R,,,BP,PR,PP,,B,,R,,BC,CR,CC,,B,,R,,B
12,,,,B,PP,P,P,B,,,,B,CC,C,C,B,,,,B,
11,,S,B,,PP,P,PPB,S,,,B,,CC,C,CCB,S,,,B,S,
10,,,,,P,P,PP,,,,,,CC,C,CC,,,,,,
9,,,,,BP,P,PP,,B,,,,BC,C,CC,,B,,,,B
8,,R,,B,PP,PR,P,B,,,R,B,CC,CR,C,B,,,R,B,
7,,,B,,BP,,PPB,,B,,B,,BC,,CCB,,B,,B,,B
6,,,,B,,P,PP,B,,,,B,C,C,CC,B,,,,B,
5,,S,B,,PP,P,PPB,S,,,B,,CC,C,CCB,S,,,B,S,
4,,R,,,PP,PR,PP,,,,R,,CC,CR,CC,,,,R,,
3,,,,,PP,P,PP,,,,,,CC,C,CC,,,,,,
2,,,,,BP,P,PP,,B,,,,BC,C,CC,,B,,,,B
1,,,,B,P,P,PP,B,,,,B,CC,C,CC,B,,,,B,
21,,S,B,,PP,P,PPB,S,,,B,,CC,C,CCB,S,,,B,S,
20,,R,,,PP,PR,PP,,,,R,,CC,CR,CC,,,,R,,
,1,1,1,1,17,3,11,1,2,1,0,0,21,4,21,1,2,1,0,1,2
C14,19,18,17,16,15,14,13,12,11,10,9,8,7,6,5,4,3,2,1,21,20
19,,S,,,P,P,P,S,,,,,CC,C,C,S,,,,S,
18,,,,,PP,,P,,,,,,CC,,CC,,,,,,
17,1A!,,,1A!,BP,,PP,,B,1A!,,,BC,C,CC,,B,1A!,,,B
16,,,1A!,,,P,P,,1A!,,,,CC,C,C,,1A!,,,,1A!
15,,1A!,,,PP,,,1A!,,,,,CC,,C,1A!,,,,1A!,
14,,,,,B,R7:,PP,,B,,,,B,C,CC,,B,,,,B
13,,,,,,P,P,,,,,,CC,C,C,,,,,,
12,,,,,PP,,PP,,,,,,CC,,CC,,,,,,
11,S,,,S,BP,P,PP,,B,S,,,BC,C,CC,,B,S,,,B
10,,,S,,PP,P,P,,S,,,,CC,C,CC,,S,,,,S
9,,S,,,P,,P,S,,,,,CC,C,C,S,,,,S,
8,,,,,P,,PP,,,,,,CC,,CC,,,,,,
7,,,,,B,P,P,,B,,,,BC,C,C,,B,,,,B
6,,,,,PP,,,,,,,,CC,,C,,,,,,
5,S,,,S,BP,,PP,,B,S,,,BC,C,CC,,B,S,,,B
4,,,S,,P,P,PP,,S,,,,CC,C,CC,,S,,,,S
3,,S,,,PP,P,PP,S,,,,,CC,C,CC,S,,,,S,
2,,,,,P,P,P,,,,,,CC,C,C,,,,,,
1,,,,,PP,,P,,,,,,CC,,CC,,,,,,
21,S,,,S,BP,,PP,,B,S,,,BC,C,CC,,B,S,,,B
20,,,S,,P,P,PP,,S,,,,CC,C,CC,,S,,,,S
,2,0,0,1,20,4,11,1,0,1,0,0,21,20,20,0,0,1,0,0,0
C13,19,18,17,16,15,14,13,12,11,10,9,8,7,6,5,4,3,2,1,21,20
19,S,,,S,P,P,P,,,S,,,CC,C,CC,,,S,,,
18,,,,,PP,,PP,,,,,,CC,C,CC,,,,,,
17,,,,,P,P,P,,,,,,CC,C,C,,,,,,
16,,,,,P,P,,,,,,,CC,C,CC,,,,,,
15,1A!,,,1A!,PP,,PP,,,1A!,,,CC,C,CC,,,1A!,,,
14,1B!,,,,P,P,,R7:,,,,,CC,C,,,,,,,
13,,,,,P,,R7:,,,,,,CC,,CC,,,,,,
12,,,,,P,R7:,PP,,,,,,C,C,CC,,,,,,
11,,,,,P,P,P,,,,,,CC,C,C,,,,,,
10,,,,,PP,P,PP,,,,,,CC,C,CC,,,,,,
9,S,,,S,P,P,P,,,S,,,CC,C,CC,,,S,,,
8,,,,,PP,,P,,,,,,CC,C,CC,,,,,,
7,,,,,,P,,,,,,,CC,C,C,,,,,,
6,,,,,PP,,PP,,,,,,CC,C,CC,,,,,,
5,,,,,P,P,P,,,,,,CC,C,C,,,,,,
4,,,,,PP,P,P,,,,,,CC,C,CC,,,,,,
3,S,,,S,PP,P,PP,,,S,,,CC,C,CC,,,S,,,
2,,,,,P,P,P,,,,,,CC,C,CC,,,,,,
1,,,,,PP,,PP,,,,,,CC,C,CC,,,,,,
21,,,,,P,P,P,,,,,,CC,C,C,,,,,,
20,,,,,PP,P,P,,,,,,CC,C,CC,,,,,,
,1,1,1,1,20,4,20,1,1,0,0,1,21,21,21,0,1,0,0,0,1
C12,19,18,17,16,15,14,13,12,11,10,9,8,7,6,5,4,3,2,1,21,20
19,,,,,PP,P,P,,,,,,CC,C,CC,,,,,,
18,,,,R,PP,,PP,,R,,,R,CC,C,CC,,R,,,,R
17,,,,,P,P,P,,,,,,CC,C,CC,,,,,,
16,,,,,PP,P,P,,,,,,CC,C,CC,,,,,,
15,,,,R,PP,,PP,,R,,,R,CC,C,CC,,R,,,,R
14,,,1B!,,,P,P,,,,,,C,C,CC,,,,,,
13,,1B!,,,PP,P,P,,,,,,CC,C,CC,,,,,,
12,1B!,,,,PP,,P,R7:,,,,,CC,C,C,,,,,,
11,,,,,P,P,P,,,,,,CC,C,CC,,,,,,
10,,,,R,PP,P,PP,,R,,,R,CC,C,CC,,R,,,,R
9,,,,,PP,P,P,,,,,,CC,C,CC,,,,,,
8,,,,,PP,,PP,,,,,,CC,C,CC,,,,,,
7,,,,,P,P,,,,,,,CC,C,CC,,,,,,
6,,,,R,PP,,PP,,R,,,R,CC,C,CC,,R,,,,R
5,,,,,P,P,P,,,,,,CC,C,CC,,,,,,
4,,,,,PP,P,PP,,,,,,CC,C,CC,,,,,,
3,,,,,PP,P,PP,,,,,,CC,C,CC,,,,,,
2,,,,,PP,P,P,,,,,,CC,C,CC,,,,,,
1,,,,R,PP,,PP,,R,,,R,CC,C,CC,,R,,,,R
21,,,,,P,P,P,,,,,,CC,C,CC,,,,,,
20,,,,,PP,P,PP,,,,,,CC,C,CC,,,,,,
,1,1,2,1,21,20,20,0,1,1,2,1,21,20,21,0,1,1,2,0,1
C11,19,18,17,16,15,14,13,12,11,10,9,8,7,6,5,4,3,2,1,21,20
19,,,B,,PP,P,PBP,,,,B,,CC,C,CBC,,,,B,,
18,,R,,,PP,PR,PP,,,,R,,CC,CR,CC,,,,R,,
17,R,,,,RP,P,P,,,R,,,RC,C,CC,,,R,,,
16,,,B,R,PP,P,PBP,,R,,B,R,CC,C,CBC,,R,,B,,R
15,,R,,,PP,PR,PP,,,,R,,CC,CR,CC,,,,R,,
14,R,,,,RPP,P,,,,R,,,RCC,C,C,,,R,,,
13,,,B,R,PP,,PBP,,R,,B,R,CC,,CBC,,R,,B,,R
12,,,1B!,,P,P,PP,,,,,,C,C,CC,,,,,,
11,,,,,PP,P,P,,,,,,CC,C,CC,,,,,,
10,,R,,,PP,PR,PP,,,,R,,CC,CR,CC,,,,R,,
9,R,,B,,RPP,P,PBP,,,R,B,,RCC,C,CBC,,,R,B,,
8,,,,R,P,P,PP,,R,,,R,C,C,CC,,R,,,,R
7,,,B,,PP,P,BP,,,,B,,CC,C,CBC,,,,B,,
6,,R,,,PP,PR,PP,,,,R,,CC,CR,CC,,,,R,,
5,R,,,,RPP,P,P,,,R,,,RCC,C,CC,,,R,,,
4,,,,R,PP,P,PP,,R,,,R,CC,C,CC,,R,,,,R
3,,,,,PP,P,PP,,,,,,CC,C,CC,,,,,,
2,,,B,,PP,P,PBP,,,,B,,CC,C,CBC,,,,B,,
1,,R,,,PP,PR,PP,,,,R,,CC,CR,CC,,,,R,,
21,R,,,,RPP,P,P,,,R,,,RCC,C,CC,,,R,,,
20,,,,R,PP,P,PP,,R,,,R,CC,C,CC,,R,,,,R
,0,2,1,1,11,20,21,2,1,0,2,1,21,20,21,2,1,0,2,2,1
C10,19,18,17,16,15,14,13,12,11,10,9,8,7,6,5,4,3,2,1,21,20
19,,,,,PBP,P,PP,,B,,,,CBC,C,CC,,B,,,,B
18,,,,B,P,P,PP,B,,,,B,CC,C,CC,B,,,,B,
17,,,B,,PP,P,PB,,,,B,,CC,C,CB,,,,B,,
16,,R,,,PBP,R,PP,,B,,R,,CBC,R,CC,,B,,R,,B
15,,,,B,,P,PP,B,,,,B,C,C,CC,B,,,,B,
14,,,B,,PP,P,PPB,,,,B,,CC,C,CCB,,,,B,,
13,,R,,,PBP,PR,PP,,B,,R,,CBC,CR,CC,,B,,R,,B
12,,,,B,PP,P,P,B,,,,B,CC,C,C,B,,,,B,
11,,S,B,,PP,P,PPB,S,,,B,,CC,C,CCB,S,,,B,S,
10,,,,,P,P,PP,,,,,,CC,C,CC,,,,,,
9,,,,,PBP,P,PP,,B,,,,CBC,C,CC,,B,,,,B
8,,R,,B,PP,PR,P,B,,,R,B,CC,CR,C,B,,,R,B,
7,,,B,,PBP,,PPB,,B,,B,,CBC,,CCB,,B,,B,,B
6,,,,B,,P,PP,B,,,,B,C,C,CC,B,,,,B,
5,,S,B,,PP,P,PPB,S,,,B,,CC,C,CCB,S,,,B,S,
4,,R,,,PP,PR,PP,,,,R,,CC,CR,CC,,,,R,,
3,,,,,PP,P,PP,,,,,,CC,C,CC,,,,,,
2,,,,,PBP,P,PP,,B,,,,CBC,C,CC,,B,,,,B
1,,,,B,P,P,PP,B,,,,B,CC,C,CC,B,,,,B,
21,,S,B,,PP,P,PPB,S,,,B,,CC,C,CCB,S,,,B,S,
20,,R,,,PP,PR,PP,,,,R,,CC,CR,CC,,,,R,,
,1,1,1,1,17,4,11,1,2,2,0,0,21,21,21,1,2,1,0,1,2
C9,19,18,17,16,15,14,13,12,11,10,9,8,7,6,5,4,3,2,1,21,20
19,,S,,,P,P,PP,S,,,,,CC,C,CC,S,,,,S,
18,,,,,PP,P,P,,,,,,CC,C,CC,,,,,,
17,,,,,BPP,,PP,,B,,,,BCC,C,CC,,B,,,,B
16,,,,,,P,PP,,,,,,CC,C,CC,,,,,,
15,,,,,PP,P,,,,,,,CC,C,C,,,,,,
14,,,,,BPP,,PP,,B,,,,BCC,C,CC,,B,,,,B
13,,,,,,P,PP,,,,,,CC,C,CC,,,,,,
12,,,,,PP,P,PP,,,KB:,,,CC,C,CC,,,,,,
11,S,,,S,BPP,P,PP,,B,S,,,BCC,C,CC,,B,S,,,B
10,,,S,,PP,P,P,,S,,,,CC,C,CC,,S,,,,S
9,,S,,,P,,PP,S,,,,,CC,C,CC,S,,,,S,
8,,,,,P,P,PP,,,,,,CC,C,CC,,,,,,
7,,,,,BP,P,PP,,B,,,,BCC,C,CC,,B,,,,B
6,,,,,PP,P,,,,,,,CC,C,C,,,,,,
5,S,,,S,BPP,,PP,,B,S,,,BCC,C,CC,,B,S,,,B
4,,,S,,P,P,PP,,S,,,,CC,C,CC,,S,,,,S
3,,S,,,PP,P,PP,S,,1D!,,,CC,C,CC,S,,,,S,
2,,,,,P,P,PP,,,,,,CC,C,CC,,,,,,
1,,,,,PP,P,P,,,,,,CC,C,CC,,,,,,
21,S,,,S,BPP,,PP,,B,S,,,BCC,C,CC,,B,S,,,B
20,,,S,,P,P,PP,,S,,,,CC,C,CC,,S,,,,S
,1,0,0,2,20,4,17,0,1,2,1,1,21,21,21,0,1,1,0,0,1
C8,19,18,17,16,15,14,13,12,11,10,9,8,7,6,5,4,3,2,1,21,20
19,S,,,S,PP,P,P,,,S,,,CC,C,CC,,,S,,,
18,,,,R,PP,,PP,,R,,,R,CC,C,CC,,R,,,,R
17,,,,,P,P,PP,,,,,,CC,C,CC,,,,,,
16,,,,,PP,P,,,,,,,CC,C,CC,,,,,,
15,,,,R,PP,,PP,,R,,,R,CC,C,CC,,R,,,,R
14,,,,,,P,PP,,,,,,C,C,CC,,,,,,
13,,,,,PP,P,,,,,,,CC,C,CC,,,,,,
12,,,,,PP,,PP,,,,,KB:,CC,C,CC,,,,,,
11,,,,,P,P,PP,,,,KB:,,CC,C,CC,,,,,,
10,,,,R,PP,P,PP,,R,KB:,,R,CC,C,CC,,R,,,,R
9,S,,,S,PP,P,P,,,S,,,CC,C,CC,,,S,,,
8,,,,,PP,,P,,,,,,CC,C,CC,,,,,,
7,,,,,P,P,P,,,,,,CC,C,CC,,,,,,
6,,,,R,PP,,PP,,R,,,R,CC,C,CC,,R,,,,R
5,,,,,P,P,PP,,,,,,CC,C,CC,,,,,,
4,,,,,PP,P,P,,,,,,CC,C,CC,,,,,,
3,S,,,S,PP,P,PP,,,S,,1D!,CC,C,CC,,,S,,,
2,,,,,PP,P,P,,,,1D!,,CC,C,CC,,,,,,
1,,,,R,PP,,PP,,R,1D!,,R,CC,C,CC,,R,,,,R
21,,,,,P,P,PP,,,,,,CC,C,CC,,,,,,
20,,,,,PP,P,P,,,,,,CC,C,CC,,,,,,
,1,1,1,1,21,20,20,0,1,1,2,1,21,20,21,0,1,1,2,0,1
C7,19,18,17,16,15,14,13,12,11,10,9,8,7,6,5,4,3,2,1,21,20
19,,,B,,PP,P,PBP,,,,B,,CC,C,CBC,,,,B,,
18,,R,,,PP,PR,PP,,,,R,,CC,CR,CC,,,,R,,
17,R,,,,RP,P,P,,,R,,,RC,C,CC,,,R,,,
16,,,B,R,PP,P,PBP,,R,,B,R,CC,C,CBC,,R,,B,,R
15,,R,,,PP,PR,PP,,,,R,,CC,CR,CC,,,,R,,
14,R,,,,RPP,P,,,,R,,,RCC,C,C,,,R,,,
13,,,B,R,PP,,PBP,,R,,B,R,CC,,CBC,,R,,B,,R
12,,,,,P,P,PP,,,,,,C,C,CC,,,,,,
11,,,,,PP,P,P,,,,,,CC,C,CC,,,,,,
10,,R,,,PP,PR,PP,,,,R,KB:,CC,CR,CC,,,,R,,
9,R,,B,,RPP,P,PBP,,,R,B,,RCC,C,CBC,,,R,B,,
8,,,,R,P,P,PP,,R,,,R,C,C,CC,,R,,,,R
7,,,B,,PP,P,BP,,,,B,,CC,C,CBC,,,,B,,
6,,R,,,PP,PR,PP,,,,R,,CC,CR,CC,,,,R,,
5,R,,,,RPP,P,P,,,R,,,RCC,C,CC,,,R,,,
4,,,,R,PP,P,PP,,R,,,R,CC,C,CC,,R,,,,R
3,,,,,PP,P,PP,,,,,,CC,C,CC,,,,,,
2,,,B,,PP,P,PBP,,,,B,,CC,C,CBC,,,,B,,
1,,R,,,PP,PR,PP,,,,R,1D!,CC,CR,CC,,,,R,,
21,R,,,,RPP,P,P,,,R,,,RCC,C,CC,,,R,,,
20,,,,R,PP,P,PP,,R,,,R,CC,C,CC,,R,,,,R
,0,1,1,1,11,20,21,1,1,0,2,1,21,20,21,1,1,1,2,1,1
C6,19,18,17,16,15,14,13,12,11,10,9,8,7,6,5,4,3,2,1,21,20
19,,,,,PBP,P,PP,,B,,,,CBC,C,CC,,B,,,,B
18,,,,B,P,P,PP,B,,,,B,CC,C,CC,B,,,,B,
17,,,B,,PP,P,PB,,,,B,,CC,C,CB,,,,B,,
16,,R,,,PBP,R,PP,,B,,R,,CBC,R,CC,,B,,R,,B
15,,,,B,,P,PP,B,,,,B,C,C,CC,B,,,,B,
14,,,B,,PP,P,PPB,,,,B,,CC,C,CCB,,,,B,,
13,,R,,,PBP,PR,PP,,B,,R,,CBC,CR,CC,,B,,R,,B
12,,,,B,PP,P,P,B,,,,B,CC,C,C,B,,,,B,
11,,,B,,PP,P,PPB,,,,B,,CC,C,CCB,,,1C!,B,,
10,,,,,P,P,PP,,,,,,CC,C,CC,,,,,,
9,,,,,PBP,P,PP,,B,,,,CBC,C,CC,,B,,,,B
8,,R,,B,PP,PR,P,B,,,R,B,CC,CR,C,B,,,R,B,
7,,,B,,PBP,,PPB,,B,,B,,CBC,,CCB,,B,,B,,B
6,,,,B,,P,PP,B,,,,B,C,C,CC,B,,,,B,
5,,,B,,PP,P,PPB,,,,B,,CC,C,CCB,,,,B,,
4,,R,,,PP,PR,PP,,,,R,,CC,CR,CC,,,,R,,
3,,,,,PP,P,PP,,,,,,CC,C,CC,,,,,,
2,,,,,PBP,P,PP,,B,,,,CBC,C,CC,,B,,,,B
1,,,,B,P,P,PP,B,,,,B,CC,C,CC,B,,,,B,
21,,,B,,PP,P,PPB,,,,B,,CC,C,CCB,,,,B,,
20,,R,,,PP,PR,PP,,,,R,,CC,CR,CC,,,,R,,
,0,0,0,0,17,4,11,0,1,0,0,0,21,21,21,0,1,2,1,1,1
C5,19,18,17,16,15,14,13,12,11,10,9,8,7,6,5,4,3,2,1,21,20
19,,,,,P,P,PP,,,,,,CC,C,CC,,,,,,
18,,,,,P,P,P,,,,,,CC,C,CC,,,,,,
17,,,,,BPP,,PP,,B,,,,BCC,C,CC,,B,,,,B
16,,,,,,P,PP,,,,,,CC,C,CC,,,,,,
15,,,,,P,P,,,,,,,CC,C,C,,,,,,
14,,,,,BPP,,PP,,B,,,,BCC,C,CC,,B,,,,B
13,,,,,,P,PP,,,,,,CC,C,CC,,,,,,
12,,,,,PP,P,PP,,,,,,CC,C,CC,,,,,,
11,,,,,BPP,P,PP,,B,,,,BCC,C,CC,,B,,,1C!,B
10,,,,,P,P,P,,,,,,CC,C,CC,,,,1C!,,
9,,,,,P,,PP,,,,,,CC,C,CC,,,1C!,,,
8,,,,,P,P,PP,,,,,,CC,C,CC,,,B7:,,,
7,,,,,BP,P,PP,,B,,,,BCC,C,CC,,B,,,,B
6,,,,,P,P,,,,,,,CC,C,C,,,,,,
5,,,,,BPP,,PP,,B,,,,BCC,C,CC,,B,,,,B
4,,,,,P,P,PP,,,,,,CC,C,CC,,,,,,
3,,,,,PP,P,PP,,,,,,CC,C,CC,,,,,,
2,,,,,P,P,PP,,,,,,CC,C,CC,,,,,,
1,,,,,P,P,P,,,,,,CC,C,CC,,,,,,
21,,,,,BPP,,PP,,B,,,,BCC,C,CC,,B,,,,B
20,,,,,P,P,PP,,,,,,CC,C,CC,,,,,,
,0,0,0,1,20,3,17,0,1,0,0,1,21,21,21,0,1,1,1,2,1
C4,19,18,17,16,15,14,13,12,11,10,9,8,7,6,5,4,3,2,1,21,20
19,,,,,PP,P,P,,,,,,CC,C,CC,,,,,,
18,,,,R,PP,,P,,R,,,R,CC,C,CC,,R,,,,R
17,,,,,P,,PP,,,,,,CC,C,CC,,,,,,
16,,,,,P,P,,,,,,,CC,C,CC,,,,,,
15,,,,R,PP,,P,,R,,,R,CC,C,CC,,R,,,,R
14,,,,,,,PP,,,,,,C,C,CC,,,,,,
13,,,,,P,P,,,,,,,CC,C,CC,,,,,,
12,,,,,PP,,PP,,,,,,CC,C,CC,,,,,,
11,,,,,P,P,PP,,,,,,CC,C,CC,,,,,,
10,,,,R,PP,P,P,,R,,,R,CC,C,CC,,R,,,,R
9,,,,,PP,,P,,,,,,CC,C,CC,,,,,1C!,
8,,,,,P,,P,,,,,,CC,C,CC,,,,,B7:,
7,,,,,P,P,P,,,,,,CC,C,CC,,,,B7:,,
6,,,,R,PP,,P,,R,,,R,CC,C,CC,,R,B7:,,,R
5,,,,,P,,PP,,,,,,CC,C,CC,,,,,,
4,,,,,P,P,P,,,,,,CC,C,CC,,,,,,
3,,,,,PP,P,PP,,,,,,CC,C,CC,,,,,,
2,,,,,PP,P,P,,,,,,CC,C,CC,,,,,,
1,,,,R,PP,,P,,R,,,R,CC,C,CC,,R,,,,R
21,,,,,P,,PP,,,,,,CC,C,CC,,,,,,
20,,,,,P,P,P,,,,,,CC,C,CC,,,,,,
,1,1,1,1,21,20,20,0,1,1,2,1,21,20,21,0,1,1,2,1,1
C3,19,18,17,16,15,14,13,12,11,10,9,8,7,6,5,4,3,2,1,21,20
19,,,B,,PP,P,PBP,,,,B,,CC,C,CBC,,,,B,,
18,,R,,,PP,PR,PP,,,,R,,CC,CR,CC,,,,R,,
17,R,,,,RP,P,P,,,R,,,RC,C,CC,,,R,,,
16,,,B,R,PP,P,BP,,R,,B,R,CC,C,CBC,,R,,B,,R
15,,R,,,PP,PR,PP,,,,R,,CC,CR,CC,,,,R,,
14,R,,,,RPP,P,,,,R,,,RCC,C,C,,,R,,,
13,,,B,R,PP,,BP,,R,,B,R,CC,,CBC,,R,,B,,R
12,,,,,P,P,PP,,,,,,C,C,CC,,,,,,
11,,,,,PP,P,P,,,,,,CC,C,CC,,,,,,
10,,R,,,PP,PR,PP,,,,R,,CC,CR,CC,,,,R,,
9,R,,B,,RPP,P,PBP,,,R,B,,RCC,C,CBC,,,R,B,,
8,,,,R,P,P,P,,R,,,R,C,C,CC,,R,,,,R
7,,,B,,PP,P,BP,,,,B,,CC,C,CBC,,,,B,,
6,,R,,,PP,PR,PP,,,,R,,CC,CR,CC,,,,R,B7:,
5,R,,,,RPP,P,P,,,R,,,RCC,C,CC,,,R,,,
4,,,,R,PP,P,P,,R,,,R,CC,C,CC,,R,,,,R
3,,,,,PP,P,PP,,,,,,CC,C,CC,,,,,,
2,,,B,,PP,P,PBP,,,,B,,CC,C,CBC,,,,B,,
1,,R,,,PP,PR,PP,,,,R,,CC,CR,CC,,,,R,,
21,R,,,,RPP,P,P,,,R,,,RCC,C,CC,,,R,,,
20,,,,R,PP,P,P,,R,,,R,CC,C,CC,,R,,,,R
,1,1,1,1,21,20,21,1,1,0,2,1,21,20,21,1,1,0,2,1,1
C2,19,18,17,16,15,14,13,12,11,10,9,8,7,6,5,4,3,2,1,21,20
19,,,,,BP,P,PP,,B,,,,CBC,C,CC,,B,,,,B
18,,,,B,PP,P,PP,B,,,,B,CC,C,CC,B,,,,B,
17,,,B,,PP,P,PB,,,,B,,CC,C,CB,,,,B,,
16,,R,,,BP,R,PP,,B,,R,,CBC,R,CC,,B,,R,,B
15,,,,B,P,P,PP,B,,,,B,C,C,CC,B,,,,B,
14,1B!,,B,,PP,P,PPB,,,,B,,CC,C,CCB,,,,B,,
13,,R,,,BP,PR,PP,,B,,R,,CBC,CR,CC,,B,,R,,B
12,,,,B,PP,P,P,B,,,,B,CC,C,C,B,,,,B,
11,,,B,,PP,P,PPB,,,,B,,CC,C,CCB,,,,B,,
10,,,,,PP,P,PP,,,,,,CC,C,CC,,,,,,
9,,,,,BP,P,PP,,B,,,,CBC,C,CC,,B,,,,B
8,,R,,B,PP,PR,P,B,,,R,B,CC,CR,C,B,,,R,B,
7,,,B,,BP,,PPB,,B,,B,,CBC,,CCB,,B,,B,,B
6,,,,B,P,P,PP,B,,,,B,C,C,CC,B,,,,B,
5,,,B,,PP,P,PPB,,,,B,,CC,C,CCB,,,,B,,
4,,R,,,PP,PR,PP,,,,R,,CC,CR,CC,,,,R,,
3,,,,,PP,P,PP,,,,,,CC,C,CC,,,,,,
2,,,,,BP,P,PP,,B,,,,CBC,C,CC,,B,,,,B
1,,,,B,PP,P,PP,B,,,,B,CC,C,CC,B,,,,B,
21,,,B,,PP,P,PPB,,,,B,,CC,C,CCB,,,,B,,
20,,R,,,PP,PR,PP,,,,R,,CC,CR,CC,,,,R,,
,1,1,1,0,21,4,21,1,1,0,0,0,21,21,21,1,1,0,0,1,1
C1,19,18,17,16,15,14,13,12,11,10,9,8,7,6,5,4,3,2,1,21,20
19,,,,,PP,P,P,,,,,,CC,C,CC,,,,,,
18,,,,,P,,PP,,,,,,CC,C,CC,,,,,,
17,,,,,BP,P,PP,,B,,,,BCC,C,CC,,B,,,,B
16,,,,,PP,P,P,,,,,,CC,C,CC,,,,,,
15,,,,,P,,P,,,,,,CC,C,C,,,,,,
14,,,1B!,,BP,P,PP,,B,,,,BCC,C,CC,,B,,,,B
13,,1B!,,,PP,P,P,,,,,,CC,C,CC,,,,,,
12,1B!,,,,PP,,PP,,,,,,CC,C,CC,,,,,,
11,,S,,,BP,P,PP,S,B,,,,BCC,C,CC,S,B,,,S,B
10,,,,,P,P,PP,,,,,,CC,C,CC,,,,,,
9,,,,,PP,P,P,,,,,,CC,C,CC,,,,,,
8,,,,,PP,,PP,,,,,,CC,C,CC,,,,,,
7,,,,,BP,P,P,,B,,,,BCC,C,CC,,B,,,,B
6,,,,,P,,P,,,,,,CC,C,C,,,,,,
5,,S,,,BP,P,PP,S,B,,,,BCC,C,CC,S,B,,,S,B
4,,,,,PP,P,PP,,,,,,CC,C,CC,,,,,,
3,,,,,PP,P,PP,,,,,,CC,C,CC,,,,,,
2,,,,,PP,P,P,,,,,,CC,C,CC,,,,,,
1,,,,,P,,PP,,,,,,CC,C,CC,,,,,,
21,,S,,,BP,P,PP,S,B,,,,BCC,C,CC,S,B,,,S,B
20,,,,,PP,P,PP,,,,,,CC,C,CC,,,,,,
,1,1,1,1,17,4,21,1,1,1,0,0,21,21,21,1,1,1,0,1,1
C21,19,18,17,16,15,14,13,12,11,10,9,8,7,6,5,4,3,2,1,21,20
19,,S,,,P,P,PP,S,,,,,CC,C,CC,S,,,,S,
18,,,,,PP,P,P,,,,,,CC,C,CC,,,,,,
17,,,,,PP,,P,,,,,,CC,C,CC,,,,,,
16,,,,,,P,PP,,,,,,CC,C,CC,,,,,,
15,,,,,PP,P,P,,,,,,CC,C,CC,,,,,,
14,1B!,,,,PP,,P,,,,,,CC,C,CC,,,,,,
13,,,,,,P,PP,,,,,,CC,C,CC,,,,,,
12,,,1B!,,PP,P,PP,,,,,,CC,C,CC,,,,,,
11,S,,,S,PP,P,P,,,S,,,CC,C,CC,,,S,,,
10,,,S,,PP,P,P,,S,,,,CC,C,CC,,S,,,,S
9,,S,,,P,,PP,S,,,,,CC,C,CC,S,,,,S,
8,,,,,P,P,PP,,,,,,CC,C,CC,,,,,,
7,,,,,P,P,P,,,,,,CC,C,CC,,,,,,
6,,,,,PP,P,P,,,,,,CC,C,CC,,,,,,
5,S,,,S,PP,,P,,,S,,,CC,C,CC,,,S,,,
4,,,S,,P,P,PP,,S,,,,CC,C,CC,,S,,,,S
3,,S,,,PP,P,PP,S,,,,,CC,C,CC,S,,,,S,
2,,,,,P,P,PP,,,,,,CC,C,CC,,,,,,
1,,,,,PP,P,P,,,,,,CC,C,CC,,,,,,
21,S,,,S,PP,,P,,,S,,,CC,C,CC,,,S,,,
20,,,S,,P,P,PP,,S,,,,CC,C,CC,,S,,,,S
,1,1,1,2,20,4,17,0,1,1,0,1,21,21,21,0,1,1,0,0,1
C20,19,18,17,16,15,14,13,12,11,10,9,8,7,6,5,4,3,2,1,21,20
19,S,,,S,PP,P,P,,,S,,,CC,C,CC,,,S,,,
18,,,,R,PP,,PP,,R,,,R,CC,C,CC,,R,,,,R
17,,,,,P,P,PP,,,,,,CC,C,CC,,,,,,
16,,,,,PP,P,,,,,,,CC,C,CC,,,,,,
15,,,,R,PP,,PP,,R,,,R,CC,C,CC,,R,,,,R
14,,,1B!,,,P,PP,,,,,,C,C,CC,,,,,,
13,,1B!,,,PP,P,,,,,,,CC,C,CC,,,,,,
12,1B!,,,,PP,,PP,,,,,,CC,C,CC,,,,,,
11,,,,,P,P,PP,,,,,,CC,C,CC,,,,,,
10,,,,R,PP,P,PP,,R,,,R,CC,C,CC,,R,,,,R
9,S,,,S,PP,P,P,,,S,,,CC,C,CC,,,S,,,
8,,,,,PP,,P,,,,,,CC,C,CC,,,,,,
7,,,,,P,P,P,,,,,,CC,C,CC,,,,,,
6,,,,R,PP,,PP,,R,,,R,CC,C,CC,,R,,,,R
5,,,,,P,P,PP,,,,,,CC,C,CC,,,,,,
4,,,,,PP,P,P,,,,,,CC,C,CC,,,,,,
3,S,,,S,PP,P,PP,,,S,,,CC,C,CC,,,S,,,
2,,,,,PP,P,P,,,,,,CC,C,CC,,,,,,
1,,,,R,PP,,PP,,R,,,R,CC,C,CC,,R,,,,R
21,,,,,P,P,PP,,,,,,CC,C,CC,,,,,,
20,,,,,PP,P,P,,,,,,CC,C,CC,,,,,,
,3,3,3,3,3,4,4,3,3,3,4,4,3,3,3,3,3,3,3,4,4
R19,19,18,17,16,15,14,13,12,11,10,9,8,7,6,5,4,3,2,1,21,20
19,,,,,,,S,,,,,S,,,,,,,,,S
18,,,,,,S,,,,,S,,,,,,,,,S,
17,B,,,B,,,,,B,,,,B,,,,B,,,,
16,,,,,,,S,,,,,S,,,,,,,,,S
15,PP,BP,PP,PP,BP,P,P,PP,PP,PBP,P,PP,PP,PBP,P,PP,PP,BP,PP,P,PP
14,P,P,P,P,P,P,P,P,P,P,P,P,P,P,P,P,P,P,P,P,P
13,PBP,PP,P,PBP,PP,P,P,P,PBP,PP,PP,P,PBP,PP,PP,P,PBP,PP,P,PP,P
12,,,,,,S,,,,,S,,,,,,,,,S,
11,,B,,,B,,,,,B,,,,B,,,,B,,,
10,,,,,,,S,,,,,S,,,,,,,,,S
9,B,,,B,,,,,B,,,,B,,,,B,,,,
8,,,,,,,,,,,,,,,,,,,,,
7,CC,BC,CC,CC,BC,CC,CC,CC,CC,CBC,CC,CC,CC,CBC,CC,CC,CC,CBC,CC,CC,CC
6,C,C,C,C,C,C,C,C,C,C,C,C,C,C,C,C,C,C,C,C,C
5,CBC,CC,C,CBC,CC,C,CC,CC,CBC,CC,CC,CC,CBC,CC,CC,CC,CBC,CC,CC,CC,CC
4,,,,,,S,,,,,S,,,,,,,,,S,
3,,B,,,B,,,,,B,,,,B,,,,B,,,
2,,,,,,,S,,,,,S,,,,,,,,,S
1,B,,,B,,,,,B,,,,B,,,,B,,,,
21,,,,,,S,,,,,S,,,,,,,,,S,
20,,B,,,B,,,,,B,,,,B,,,,B,,,
,3,5,2,3,5,1,3,4,3,5,3,4,3,5,3,4,3,5,3,3,4
R18,19,18,17,16,15,14,13,12,11,10,9,8,7,6,5,4,3,2,1,21,20
19,,,,,,,,,,,,,,,,,,,,,
18,R,,,R,,,,,R,,,,R,,,,R,,,,
17,,,,,,,,,,,,,,,,,,,,,
16,,B,R,,B,,,R,,B,,R,,B,,R,,B,,,R
15,PP,P,PP,PP,P,PP,PP,PP,PP,P,PP,PP,PP,P,P,PP,PP,PP,P,PP,PP
14,PR,P,,PR,P,,,,PR,P,P,,PR,P,P,,PR,P,,P,
13,PP,PP,P,PP,PP,P,PP,PP,PP,PP,P,PP,PP,PP,P,P,PP,PP,PP,P,PP
12,,B,,,B,,,,,B,,,,B,,,,B,,,
11,,,R,,,,,R,,,,R,,,,R,,,,,R
10,,,,,,,,,,,,,,,,,,,,,
9,R,,,R,,,,,R,,,,R,,,,R,,,,
8,,B,R,,B,,,R,,B,,R,,B,,R,,B,,,R
7,CC,C,CC,CC,CC,CC,CC,CC,CC,CC,CC,CC,CC,CC,CC,CC,CC,CC,CC,CC,CC
6,CR,C,,CR,C,,C,C,CR,C,C,C,CR,C,C,C,CR,C,C,C,C
5,CC,CC,C,CC,CC,CC,CC,CC,CC,CC,CC,CC,CC,CC,CC,CC,CC,CC,CC,CC,CC
4,,B,,,B,,,,,B,,,,B,,,,B,,,
3,,,R,,,,,R,,,,R,,,,R,,,,,R
2,,,,,,,,,,,,,,,,,,,,,
1,R,,,R,,,,,R,,,,R,,,,R,,,,
21,,B,,,B,,,,,B,,,,B,,,,B,,,
20,,,R,,,,,R,,,,R,,,,R,,,,,R
,3,3,1,3,4,3,3,3,3,3,3,3,3,3,3,3,3,3,3,3,3
R17,19,18,17,16,15,14,13,12,11,10,9,8,7,6,5,4,3,2,1,21,20
19,R,,,R,,1A!,,,R,,,,R,,,,R,,,,
18,,,,,1A!,,,,,,,,,,,,,,,,
17,,B,,,B,,,,,B,,,,B,,,,B,,,
16,,,,,,1A!,,,,,,,,,,,,,,,
15,RP,PP,BP,RP,PP,BP,P,P,RP,PP,BPP,P,RP,PP,BPP,P,RP,PP,BP,PP,P
14,P,P,,P,P,,P,P,P,P,,P,P,P,,,P,P,P,,P
13,P,PB,PP,P,PB,PP,P,P,P,PB,PP,PP,P,PB,PP,PP,P,PB,PP,P,PP
12,,,,,1A!,,,,,,,,,,,,,,,,
11,,,B,,,B,,,,,B,,,,B,,,,B,,
10,R,,,R,,1A!,,,R,,,,R,,,,R,,,,
9,,B,,,B,,,,,B,,,,B,,,,B,,,
8,,,,,,,,,,,,,,,,,,,,,
7,RC,CC,BC,RC,CC,BC,CC,CC,RC,CC,BCC,CC,RC,CC,BCC,CC,RC,CC,BCC,CC,CC
6,C,C,,C,C,C,C,C,C,C,C,C,C,C,C,C,C,C,C,C,C
5,CC,CB,CC,C,CB,CC,C,CC,CC,CB,CC,CC,CC,CB,CC,CC,CC,CB,CC,CC,CC
4,,,,,1A!,,,,,,,,,,,,,,,,
3,,,B,,,B,,,,,B,,,,B,,,,B,,
2,R,,,R,,1A!,,,R,,,,R,,,,R,,,,
1,,B,,,B,,,,,B,,,,B,,,,B,,,
21,,,,,1A!,,,,,,,,,,,,,,,,
20,,,B,,,B,,,,,B,,,,B,,,,B,,
,5,3,3,5,3,3,3,3,5,3,3,3,5,3,3,3,5,3,3,3,3
R16,19,18,17,16,15,14,13,12,11,10,9,8,7,6,5,4,3,2,1,21,20
19,,,,,,,,,,,,,,,,,,,,,
18,,R,,,R,,,,,R,,,,R,,,,R,,,
17,B,,,B,,1A!,,,B,,,,B,,,,B,,,,
16,R,,,R,,,,,R,,,,R,,,,R,,,,
15,PP,BP,P,PP,BP,,P,PP,PP,PBP,,PP,PP,PBP,,P,PP,BP,PP,,PP
14,P,R,P,P,R,P,P,P,P,R,P,P,P,R,P,P,P,R,P,P,P
13,PBP,PP,P,BP,PP,P,,P,PBP,PP,PP,,PBP,PP,PP,,BP,PP,P,PP,
12,,,,,,,,,,,,,,,,,,,,,
11,R,B,,R,B,1A!,,,R,B,,,R,B,,,R,B,,,
10,,,,,,,,,,,,,,,,,,,,,
9,B,R,,B,R,,,,B,R,,,B,R,,,B,R,,,
8,R,,,R,,,,,R,,,,R,,,,R,,,,
7,CC,BC,C,CC,BC,CC,CC,CC,CC,CBC,CC,CC,CC,CBC,CC,CC,CC,CBC,CC,CC,CC
6,C,R,C,C,R,C,C,C,C,R,C,C,C,R,C,C,C,R,C,C,C
5,CBC,CC,C,BC,CC,C,CC,CC,CBC,CC,CC,CC,CBC,CC,CC,CC,CBC,CC,CC,CC,CC
4,,,,,,,,,,,,,,,,,,,,,
3,R,B,,R,B,1A!,,,R,B,,,R,B,,,R,B,,,
2,,,,,,,,,,,,,,,,,,,,,
1,B,R,,B,R,,,,B,R,,,B,R,,,B,R,,,
21,,,,,,,,,,,,,,,,,,,,,
20,R,B,,R,B,1A!,,,R,B,,,R,B,,,R,B,,,
,3,3,2,3,5,2,3,4,3,5,3,4,3,5,3,4,3,5,3,3,4
R15,19,18,17,16,15,14,13,12,11,10,9,8,7,6,5,4,3,2,1,21,20
19,,,,,,,1A!,,,,,,,,,,,,,,
18,R,,,R,,1A!,,,R,,,,R,,,,R,,,,
17,,,,,,,,,,,,,,,,,,,,,
16,,B,R,,B,,1A!,R,,B,,R,,B,,R,,B,,,R
15,PP,,PP,PP,,PP,PP,PP,PP,,PP,PP,PP,,P,PP,PP,P,P,PP,PP
14,PR,P,,PR,P,,,,PR,P,P,,PR,P,P,,PR,P,,P,
13,PP,PP,,PP,PP,,PP,PP,PP,PP,,PP,PP,PP,,P,PP,PP,P,P,PP
12,,B,,,B,1A!,,,,B,,,,B,,,,B,,,
11,,,R,,,,,R,,,,R,,,,R,,,,,R
10,,,,,,,1A!,,,,,,,,,,,,,,
9,R,,,R,,,,,R,,,,R,,,,R,,,,
8,,B,R,,B,,,R,,B,,R,,B,,R,,B,,,R
7,CC,,CC,CC,C,CC,CC,CC,CC,C,CC,CC,CC,C,CC,CC,CC,C,CC,CC,CC
6,CR,C,,CR,C,,C,C,CR,C,C,C,CR,C,C,C,CR,C,C,C,C
5,CC,CC,,CC,CC,C,CC,CC,CC,CC,C,CC,CC,CC,C,CC,CC,CC,C,CC,CC
4,,B,,,B,1A!,,,,B,,,,B,,,,B,,,
3,,,R,,,,,R,,,,R,,,,R,,,,,R
2,,,,,,,1A!,,,,,,,,,,,,,,
1,R,,,R,,,,,R,,,,R,,,,R,,,,
21,,B,,,B,1A!,,,,B,,,,B,,,,B,,,
20,,,R,,,,,R,,,,R,,,,R,,,,,R
,3,3,1,2,3,3,2,3,3,3,3,3,3,3,3,3,3,3,3,3,3
R14,19,18,17,16,15,14,13,12,11,10,9,8,7,6,5,4,3,2,1,21,20
19,R,,,R,,,1B!,,R,,,,R,,,,R,1B!,,1B!,
18,,,,,,,,,,,,,,,,,,,,,
17,,B,,,B,,,1B!,,B,,,,B,,,,B,1B!,,1B!
16,,,,,,,,,,,,,,,,,,,,,
15,RPP,PP,B,RPP,PP,B,P,,RPP,PP,BPP,,RPP,PP,BPP,,RPP,PP,BP,PP,
14,P,P,,P,P,R7:,P,P,P,P,,P,P,P,,,P,P,P,,P
13,,PPB,PP,,PPB,PP,,P,,PPB,PP,PP,,PPB,PP,PP,,PPB,PP,P,PP
12,,,,,,,R7:,,,,,,,,,,,,,,
11,,,B,,,B,,,,,B,,,,B,,,,B,,
10,R,,,R,,,,,R,,,,R,,,,R,,,,
9,,B,,,B,,,,,B,,,,B,,,,B,,,
8,,,,,,,,,,,,,,,,,,,,,
7,RCC,CC,B,RCC,CC,B,CC,C,RCC,CC,BCC,C,RCC,CC,BCC,C,RCC,CC,BCC,CC,C
6,C,C,,C,C,C,C,C,C,C,C,C,C,C,C,C,C,C,C,C,C
5,C,CCB,CC,,CCB,CC,,CC,C,CCB,CC,CC,C,CCB,CC,CC,C,CCB,CC,CC,CC
4,,,,,,,,,,,,,,,,,,,,,
3,,,B,,,B,,,,,B,,,,B,,,,B,,
2,R,,,R,,,,,R,,,,R,,,,R,,,,
1,,B,,,B,,,,,B,,,,B,,,,B,,,
21,,,,,,,,,,,,,,,,,,,,,
20,,,B,,,B,,,,,B,,,,B,,,,B,,
,3,3,3,3,3,3,1,3,3,3,3,3,3,3,3,3,3,3,3,3,3
R13,19,18,17,16,15,14,13,12,11,10,9,8,7,6,5,4,3,2,1,21,20
19,,,,,,,,,,,,,,,,,,,,,
18,,R,,,R,,,1B!,,R,,,,R,,,,R,1B!,,1B!
17,B,,,B,,,,,B,,,,B,,,,B,,,,
16,R,,,R,,,,,R,,,,R,,,,R,,,,
15,PP,BP,P,PP,BP,,P,PP,PP,PBP,,PP,PP,PBP,,P,PP,BP,PP,,PP
14,,PR,P,,PR,P,,P,,PR,P,P,,PR,P,P,,PR,P,P,P
13,PBP,PP,P,BP,PP,P,R7:,P,PBP,PP,PP,,PBP,PP,PP,,BP,PP,P,PP,
12,,,,,,,,,,,,,,,,,,,,,
11,R,B,,R,B,,,,R,B,,,R,B,,,R,B,,,
10,,,,,,,,,,,,,,,,,,,,,
9,B,R,,B,R,,,,B,R,,,B,R,,,B,R,,,
8,R,,,R,,,,,R,,,,R,,,,R,,,,
7,CC,BC,C,CC,BC,CC,CC,CC,CC,CBC,CC,CC,CC,CBC,CC,CC,CC,CBC,CC,CC,CC
6,,CR,C,,CR,C,,C,,CR,C,C,,CR,C,C,,CR,C,C,C
5,CBC,CC,C,BC,CC,C,CC,CC,CBC,CC,CC,CC,CBC,CC,CC,CC,CBC,CC,CC,CC,CC
4,,,,,,,,,,,,,,,,,,,,,
3,R,B,,R,B,,,,R,B,,,R,B,,,R,B,,,
2,,,,,,,,,,,,,,,,,,,,,
1,B,R,,B,R,,,,B,R,,,B,R,,,B,R,,,
21,,,,,,,,,,,,,,,,,,,,,
20,R,B,,R,B,,,,R,B,,,R,B,,,R,B,,,
,3,5,1,3,5,1,3,3,3,5,3,4,3,5,3,3,3,5,3,3,3
R12,19,18,17,16,15,14,13,12,11,10,9,8,7,6,5,4,3,2,1,21,20
19,,,,,,,,1B!,,,,,,,,,,,1B!,,1B!
18,,,,,,,,,,,,,,,,,,,,,
17,1B!,,,,,,,,1B!,,,,,,,,,,,1B!,
16,,B,,,B,,,,,B,,,,B,,,,B,,,
15,P,PP,PP,P,PP,PP,P,PP,P,PP,PP,PP,P,PP,PP,PP,P,PP,PP,PP,PP
14,P,P,,P,P,,R7:,,P,P,P,,P,P,P,,P,P,,P,
13,PP,P,PP,PP,P,PP,PP,P,PP,P,PP,PP,PP,P,PP,PP,PP,P,PP,PP,PP
12,,B,,,B,,,R7:,,B,,,,B,,,,B,,,
11,,,,,,,,,,,,,,,,,,,,,
10,,,,,,,,,,,KB:,,,,,,,,,,
9,,,,,,,,,,,,,,,,,,,,,
8,,B,,,B,,,,,B,,KB:,,B,,,,B,,,
7,C,CC,CC,C,CC,CC,C,CC,C,CC,CC,CC,C,CC,CC,CC,C,CC,CC,CC,CC
6,C,C,,C,C,,C,C,C,C,C,C,C,C,C,C,C,C,C,C,C
5,CC,C,CC,CC,C,CC,CC,C,CC,C,CC,CC,CC,C,CC,CC,CC,C,CC,CC,CC
4,,B,,,B,,,,,B,,,,B,,,,B,,,
3,,,,,,,,,,,,,,,,,,,,,
2,,,,,,,,,,,,,,,,,,,,,
1,,,,,,,,,,,,,,,,,,,,,
21,,B,,,B,,,,,B,,,,B,,,,B,,,
20,,,,,,,,,,,,,,,,,,,,,
,3,3,3,3,4,4,3,3,3,4,4,3,3,3,3,3,3,3,5,4,3
R11,19,18,17,16,15,14,13,12,11,10,9,8,7,6,5,4,3,2,1,21,20
19,,,,,,S,,,,,S,,,,,,,,,S,
18,,,,,S,,,,,S,,,,,,,,,S,,
17,,B,,,B,,,,,B,,,,B,,,,B,,,
16,,,,,,S,,,,,S,,,,,,,,,S,
15,PP,PP,BP,PP,PP,BP,P,P,PP,PP,BPP,P,PP,PP,BPP,P,PP,PP,BP,PP,P
14,P,P,P,P,P,P,P,P,P,P,P,P,P,P,P,P,P,P,P,P,P
13,P,PPB,PP,P,PPB,PP,P,P,P,PPB,PP,PP,P,PPB,PP,PP,P,PPB,PP,P,PP
12,,,,,S,,,,,S,,,,,,,,,S,,
11,,,B,,,B,,,,,B,,,,B,,,,B,,
10,,,,,,S,,,,,S,,,,,,,,,S,
9,,B,,,B,,,,,B,,KB:,,B,,,,B,,,
8,,,,,,,,,,,,,,,,,,,,,
7,CC,CC,BC,CC,CC,BC,CC,CC,CC,CC,BCC,CC,CC,CC,BCC,CC,CC,CC,BCC,CC,CC
6,C,C,C,C,C,C,C,C,C,C,C,C,C,C,C,C,C,C,C,C,C
5,CC,CCB,CC,C,CCB,CC,C,CC,CC,CCB,CC,CC,CC,CCB,CC,CC,CC,CCB,CC,CC,CC
4,,,,,S,,,,,S,,,,,,,,,S,,
3,,,B,,,B,,,,,B,,,,B,,,,B,,
2,,,,,,S,,,,,S,,,1C!,,,,,,S,
1,,B,,,B,,,,,B,,,,B,,,,B,,,
21,,,,,S,,,,,S,,,,,1C!,,,,S,,
20,,,B,,,B,,,,,B,,,,B,,,,B,,
,3,3,4,3,3,3,3,4,3,3,3,4,5,3,3,4,3,3,3,3,4
R10,19,18,17,16,15,14,13,12,11,10,9,8,7,6,5,4,3,2,1,21,20
19,,,,,,,,,,,,,,,,,,,,,
18,R,,,R,,,,,R,,,,R,,,,R,,,,
17,,,,,,S,,,,,S,,,,,,,,,S,
16,,,R,,,,,R,,,,R,,,,R,,,,,R
15,PP,P,PP,PP,P,PP,PP,PP,PP,P,PP,PP,PP,P,P,PP,PP,PP,P,PP,PP
14,PR,P,P,PR,P,P,P,P,PR,P,P,P,PR,P,P,P,PR,P,P,P,P
13,PP,PP,P,PP,PP,P,PP,PP,PP,PP,P,PP,PP,PP,P,P,PP,PP,PP,P,PP
12,,,,,,,,,,,,,,,,,,,,,
11,,,R,,,S,,R,,,S,R,,,,R,,,,S,R
10,,,,,,,,,,,,KB:,,,,,,,,,
9,R,,,R,,,,,R,,,,R,,,,R,,,,
8,,,R,,,,,R,,,,R,KB:,,,R,,,,,R
7,CC,C,CC,CC,CC,CC,CC,CC,CC,CC,CC,CC,CC,CC,CC,CC,CC,CC,CC,CC,CC
6,CR,C,C,CR,C,C,C,C,CR,C,C,C,CR,C,C,C,CR,C,C,C,C
5,CC,CC,C,CC,CC,CC,CC,CC,CC,CC,CC,CC,CC,CC,CC,CC,CC,CC,CC,CC,CC
4,,,,,,,,,,,,,,,,,,,,,
3,,,R,,,S,,R,,,S,R,,,,R,,,,S,R
2,,,,,,,,,,,,,,,,,,,,,
1,R,,,R,,,,,R,,,,R,,1C!,,R,,,,
21,,,,,,,,,,,,,,,,,,,,,
20,,,R,,,S,,R,,,S,R,,,,R,,,,S,R
,3,3,1,3,3,4,4,3,3,3,4,4,3,3,3,3,3,3,3,4,4
R9,19,18,17,16,15,14,13,12,11,10,9,8,7,6,5,4,3,2,1,21,20
19,R,,,R,,,S,,R,,,S,R,,,,R,,,,S
18,,,,,,S,,,,,S,,,,,,,,,S,
17,B,,,B,,,,,B,,,,B,,,,B,,,,
16,,,,,,,S,,,,,S,,,,,,,,,S
15,RPP,BP,PP,RPP,BP,P,P,PP,RPP,PBP,P,PP,RPP,PBP,P,PP,RPP,BP,PP,P,PP
14,P,P,,P,P,,P,P,P,P,,P,P,P,,,P,P,P,,P
13,PBP,PP,P,PBP,PP,P,P,P,PBP,PP,PP,P,PBP,PP,PP,P,PBP,PP,P,PP,P
12,,,,,,S,,,,,S,,,,,,,,,S,
11,,B,,,B,,,,,B,,,,B,,,,B,,,
10,R,,,R,,,S,,R,,,S,R,,,,R,,,,S
9,B,,,B,,,,,B,,,,B,,,,B,,,,
8,,,,,,,,,,,,,,,,,,,,,
7,RCC,BC,CC,RCC,BC,CC,CC,CC,RCC,CBC,CC,CC,RCC,CBC,CC,CC,RCC,CBC,CC,CC,CC
6,C,C,,C,C,C,C,C,C,C,C,C,C,C,C,C,C,C,C,C,C
5,CBC,CC,C,CBC,CC,C,CC,CC,CBC,CC,CC,CC,CBC,CC,CC,CC,CBC,CC,CC,CC,CC
4,,,,,,S,,,,,S,,,,,,,,,S,
3,,B,,,B,,,,,B,,,,B,,,,B,,,
2,R,,,R,,,S,,R,,,S,R,,1C!,,R,,,,S
1,B,,,B,,,,,B,,,,B,,,,B,,,,
21,,,,,,S,,,,,S,,,,,1C!,,,,S,
20,,B,,,B,,,,,B,,,,B,,,,B,,,
,4,6,1,4,6,1,3,3,4,6,3,3,4,6,3,3,4,6,3,3,3
R8,19,18,17,16,15,14,13,12,11,10,9,8,7,6,5,4,3,2,1,21,20
19,,,,,,,,,,,,,,,,,,,,,
18,,R,,,R,,,,,R,,,,R,,,,R,,,
17,,,,,,,,,,,,,,,,,,,,,
16,R,B,,R,B,,,,R,B,,,R,B,,,R,B,,,
15,P,PP,P,P,PP,P,PP,PP,P,PP,P,PP,P,PP,P,P,P,PP,PP,P,PP
14,P,PR,,P,PR,,,,P,PR,P,,P,PR,P,,P,PR,,P,
13,PP,P,PP,P,P,PP,P,PP,PP,P,PP,P,PP,P,PP,P,P,P,PP,PP,P
12,,B,,,B,,,,,B,,,,B,,,,B,,,
11,R,,,R,,,,,R,,,,R,,,,R,,,,
10,,,,,,,,,,,,,,,,,,,,,
9,,R,,,R,,,,,R,,,,R,,,,R,,,
8,R,B,,R,B,,,,R,B,,,R,B,,,R,B,,,
7,C,CC,C,C,CC,CC,CC,CC,C,CC,CC,CC,C,CC,CC,CC,C,CC,CC,CC,CC
6,C,CR,,C,CR,,C,C,C,CR,C,C,C,CR,C,C,C,CR,C,C,C
5,CC,C,CC,C,C,CC,CC,CC,CC,C,CC,CC,CC,C,CC,CC,CC,C,CC,CC,CC
4,,B,,,B,,,,,B,,,,B,,,,B,,,
3,R,,,R,,,,,R,,,,R,,,,R,,,,
2,,,,,,,,,,,,,,,B7:,,,,,,
1,,R,,,R,,,,,R,,,,R,,,,R,,,
21,,B,,,B,,,,,B,,,,B,,B7:,,B,,,
20,R,,,R,,,,,R,,,,R,,,,R,,,,
,3,1,3,3,1,3,3,3,3,1,3,3,3,1,3,3,3,1,3,3,3
R7,19,18,17,16,15,14,13,12,11,10,9,8,7,6,5,4,3,2,1,21,20
19,,,,,,,,,,,,,,,,,,,,,
18,,,,,,,,,,,,,,,,,,,,,
17,B,B,,B,B,,,,B,B,,,B,B,,,B,B,,,
16,,,,,,,,,,,,,,,,,,,,,
15,PP,BP,BP,PP,BP,B,,P,PP,PBP,BP,P,PP,PBP,BP,P,PP,BP,BP,P,P
14,P,,P,P,,P,P,P,P,,P,P,P,,P,P,P,,P,P,P
13,BP,PPB,P,BP,PPB,P,,,BP,PPB,PP,P,BP,PPB,PP,P,BP,PPB,P,P,P
12,,,,,,,,,,,,,,,,,,,,,
11,,B,B,,B,B,,,,B,B,,,B,B,,,B,B,,
10,,,,,,,,,,,,,,,,,,,,,
9,B,B,,B,B,,,,B,B,,,B,B,,,B,B,,,
8,,,,,,,,,,,,,,,,,,,,,
7,CC,BC,BC,CC,BC,BC,CC,CC,CC,CBC,BCC,CC,CC,CBC,BCC,CC,CC,CBC,BCC,CC,CC
6,C,,C,C,,C,C,C,C,,C,C,C,,C,C,C,,C,C,C
5,CBC,CCB,C,BC,CCB,C,C,CC,CBC,CCB,CC,CC,CBC,CCB,CC,CC,CBC,CCB,CC,CC,CC
4,,,,,,,,,,,,,,,,,,,,,
3,,B,B,,B,B,,,,B,B,,,B,B,,,B,B,,
2,,,,,,,,,,,,,,,,,,,,,
1,B,B,,B,B,,,,B,B,,,B,B,,B7:,B,B,,,
21,,,,,,,,,,,,,,,,,,,,,
20,,B,B,,B,B,,,,B,B,,,B,B,,,B,B,,
,3,3,2,3,5,1,3,4,3,5,3,4,3,5,3,4,3,5,3,3,4
R6,19,18,17,16,15,14,13,12,11,10,9,8,7,6,5,4,3,2,1,21,20
19,,,,,,,,,,,,,,,,,,,,,
18,R,,,R,,,,,R,,,,R,,,,R,,,,
17,,,,,,,,,,,,,,,,,,,,,
16,,B,R,,B,,,R,,B,,R,,B,,R,,B,,,R
15,PP,,PP,PP,,PP,PP,PP,PP,,PP,PP,PP,,P,PP,PP,P,P,PP,PP
14,PR,P,,PR,P,,,,PR,P,P,,PR,P,P,,PR,P,,P,
13,PP,PP,,PP,PP,,PP,PP,PP,PP,,PP,PP,PP,,P,PP,PP,P,P,PP
12,,B,,,B,,,,,B,,,,B,,,,B,,,
11,,,R,,,,,R,,,,R,,,,R,,,,,R
10,,,,,,,,,,,,,,,,,,,,,
9,R,,,R,,,,,R,,,,R,,,,R,,,,
8,,B,R,,B,,,R,,B,,R,,B,,R,,B,,,R
7,CC,,CC,CC,C,CC,CC,CC,CC,C,CC,CC,CC,C,CC,CC,CC,C,CC,CC,CC
6,CR,C,,CR,C,,C,C,CR,C,C,C,CR,C,C,C,CR,C,C,C,C
5,CC,CC,,CC,CC,C,CC,CC,CC,CC,C,CC,CC,CC,C,CC,CC,CC,C,CC,CC
4,,B,,,B,,,,,B,,,,B,,,,B,,,
3,,,R,,,,,R,,,,R,,,,R,,,,,R
2,,,,,,,,,,,,,,,,B7:,,,,,
1,R,,,R,,,,,R,,,,R,,,,R,,,,
21,,B,,,B,,,,,B,,,,B,,,B7:,B,,,
20,,,R,,,,,R,,,,R,,,,R,,,,,R
,3,3,1,3,4,3,3,3,3,4,3,3,3,3,3,3,3,3,5,3,3
R5,19,18,17,16,15,14,13,12,11,10,9,8,7,6,5,4,3,2,1,21,20
19,R,,,R,,S,,,R,,S,,R,,,,R,,,S,
18,,,,,S,,,,,S,,,,,,,,,S,,
17,,B,,,B,,,,,B,,,,B,,,,B,,,
16,,,,,,S,,,,,S,,,,,,,,,S,
15,RPP,PP,BP,RPP,PP,BP,P,P,RPP,PP,BPP,P,RPP,PP,BPP,P,RPP,PP,BP,PP,P
14,P,P,,P,P,,P,P,P,P,,P,P,P,,,P,P,P,,P
13,P,PPB,PP,P,PPB,PP,P,P,P,PPB,PP,PP,P,PPB,PP,PP,P,PPB,PP,P,PP
12,,,,,S,,,,,S,,,,,,,,,S,,
11,,,B,,,B,,,,,B,,,,B,,,,B,,
10,R,,,R,,S,,,R,,S,,R,,,,R,,,S,
9,,B,,,B,,,,,B,,,,B,,,,B,,,
8,,,,,,,,,,,,,,,,,,,,,
7,RCC,CC,BC,RCC,CC,BC,CC,CC,RCC,CC,BCC,CC,RCC,CC,BCC,CC,RCC,CC,BCC,CC,CC
6,C,C,,C,C,C,C,C,C,C,C,C,C,C,C,C,C,C,C,C,C
5,CC,CCB,CC,C,CCB,CC,C,CC,CC,CCB,CC,CC,CC,CCB,CC,CC,CC,CCB,CC,CC,CC
4,,,,,S,,,,,S,,,,,,,,,S,,
3,,,B,,,B,,,,,B,,,,B,,,,B,,
2,R,,,R,,S,,,R,,S,,R,,,,R,,,S,
1,,B,,,B,,,,,B,,,,B,,,,B,,,
21,,,,,S,,,,,S,,,,,,,,,S,,
20,,,B,,,B,,,,,B,,,,B,,,,B,,
,4,3,3,4,3,3,3,3,4,3,3,3,4,3,3,3,4,3,3,3,3
R4,19,18,17,16,15,14,13,12,11,10,9,8,7,6,5,4,3,2,1,21,20
19,,,,,,,,,,,,,,,,,,,,,
18,,R,,,R,,,,,R,,,,R,,,,R,,,
17,,,,,,S,,,,,S,,,,,,,,,S,
16,R,,,R,,,,,R,,,,R,,,,R,,,,
15,PP,PP,P,PP,PP,P,PP,PP,PP,PP,P,PP,PP,PP,P,P,PP,PP,PP,P,PP
14,P,PR,P,P,PR,P,P,P,P,PR,P,P,P,PR,P,P,P,PR,P,P,P
13,PP,PP,PP,P,PP,PP,P,PP,PP,PP,PP,P,PP,PP,PP,P,P,PP,PP,PP,P
12,,,,,,,,,,,,,,,,,,,,,
11,R,,,R,,S,,,R,,S,,R,,,,R,,,S,
10,,,,,,,,,,,,,,,,,,,,,
9,,R,,,R,,,,,R,,,,R,,,,R,,,
8,R,,,R,,,,,R,,,,R,,,,R,,,,
7,CC,CC,C,CC,CC,CC,CC,CC,CC,CC,CC,CC,CC,CC,CC,CC,CC,CC,CC,CC,CC
6,C,CR,C,C,CR,C,C,C,C,CR,C,C,C,CR,C,C,C,CR,C,C,C
5,CC,CC,CC,C,CC,CC,CC,CC,CC,CC,CC,CC,CC,CC,CC,CC,CC,CC,CC,CC,CC
4,,,,,,,,,,,,,,,,,,,,,
3,R,,,R,,S,,,R,,S,,R,,,,R,,,S,
2,,,,,,,,,,,,,,,,,,,,,
1,,R,,,R,,,,,R,,,,R,,,,R,,,
21,,,,,,,,,,,,,,,,,,,,,
20,R,,,R,,S,,,R,,S,,R,,,,R,,,S,
,3,3,3,3,3,4,4,3,3,3,4,4,3,3,3,3,3,3,3,4,4
R3,19,18,17,16,15,14,13,12,11,10,9,8,7,6,5,4,3,2,1,21,20
19,,W7:,,,,,S,,,,,S,,,,,,,,,S
18,,,,,,S,,,,,S,,,,,,,,,S,
17,,,W7:,,,,,,,,,,,,,,,,,,
16,,,,,,,S,,,,,S,,,,,,,,,S
15,PP,PP,PP,PP,PP,PP,PP,PP,PP,PP,PP,PP,PP,PP,PP,PP,PP,PP,PP,PP,PP
14,P,P,P,P,P,P,P,P,P,P,P,P,P,P,P,P,P,P,P,P,P
13,PP,PP,PP,PP,PP,PP,PP,PP,PP,PP,PP,PP,PP,PP,PP,PP,PP,PP,PP,PP,PP
12,,,,,,S,,,,,S,,,,,,,,,S,
11,,,,,,,,,,,,,,,,,,,,,
10,,,,,,,S,,,,1D!,S,,,,,,,,,S
9,,,,,,,,,,,,,,,,,,,,,
8,,,,,,,,,,,,1D!,,,,,,,,,
7,CC,CC,CC,CC,CC,CC,CC,CC,CC,CC,CC,CC,CC,CC,CC,CC,CC,CC,CC,CC,CC
6,C,C,C,C,C,C,C,C,C,C,C,C,C,C,C,C,C,C,C,C,C
5,CC,CC,CC,CC,CC,CC,CC,CC,CC,CC,CC,CC,CC,CC,CC,CC,CC,CC,CC,CC,CC
4,,,,,,S,,,,,S,,,,,,,,,S,
3,,,,,,,,,,,,,,,,,,,,,
2,,,,,,,S,,,,,S,,,,,,,,,S
1,,,,,,,,,,,,,,,,,,,,,
21,,,,,,S,,,,,S,,,,,,,,,S,
20,,,,,,,,,,,,,,,,,,,,,
,3,3,3,3,3,3,3,3,3,3,3,3,3,3,3,3,3,3,3,3,3
R2,19,18,17,16,15,14,13,12,11,10,9,8,7,6,5,4,3,2,1,21,20
19,,,,,,,,,,,,,,,,,,,,,
18,,,W7:,,,,,,,,,,,,,,,,,,
17,B,,,B,,,,,B,,,,B,,,,B,,,,
16,,,,,,,,,,,,,,,,,,,,,
15,PP,BP,PP,PP,BP,P,P,PP,PP,PBP,P,PP,PP,PBP,P,PP,PP,BP,PP,P,PP
14,P,P,P,P,P,P,P,P,P,P,P,P,P,P,P,P,P,P,P,P,P
13,PBP,PP,P,PBP,PP,P,P,P,PBP,PP,PP,P,PBP,PP,PP,P,PBP,PP,P,PP,P
12,,,,,,,,,,,,,,,,,,,,,
11,,B,,,B,,,,,B,,,,B,,,,B,,,
10,,,,,,,,,,,,,,,,,,,,,
9,B,,,B,,,,,B,,,1D!,B,,,,B,,,,
8,,,,,,,,,,,,,,,,,,,,,
7,CC,BC,CC,CC,BC,CC,CC,CC,CC,CBC,CC,CC,CC,CBC,CC,CC,CC,CBC,CC,CC,CC
6,C,C,C,C,C,C,C,C,C,C,C,C,C,C,C,C,C,C,C,C,C
5,CBC,CC,C,CBC,CC,C,CC,CC,CBC,CC,CC,CC,CBC,CC,CC,CC,CBC,CC,CC,CC,CC
4,,,,,,,,,,,,,,,,,,,,,
3,,B,,,B,,,,,B,,,,B,,,,B,,,
2,,,,,,,,,,,,,,,,,,,,,
1,B,,,B,,,,,B,,,,B,,,,B,,,,
21,,,,,,,,,,,,,,,,,,,,,
20,,B,,,B,,,,,B,,,,B,,,,B,,,
,3,5,2,3,5,1,3,4,3,5,3,4,5,5,3,4,3,5,3,3,4
R1,19,18,17,16,15,14,13,12,11,10,9,8,7,6,5,4,3,2,1,21,20
19,,,W7:,,,,,,,,,,,,,,,,,,
18,R,,,R,,,,,R,,,,R,,,,R,,,,
17,,,,W7:,,,,,,,,,,,,,,,,,
16,,B,R,,B,,,R,,B,,R,,B,,R,,B,,,R
15,PP,P,PP,PP,P,PP,PP,PP,PP,P,PP,PP,PP,P,P,PP,PP,PP,P,PP,PP
14,PR,P,,PR,P,,,,PR,P,P,,PR,P,P,,PR,P,,P,
13,PP,PP,P,PP,PP,P,PP,PP,PP,PP,P,PP,PP,PP,P,P,PP,PP,PP,P,PP
12,,B,,,B,,,,,B,,,,B,,,,B,,,
11,,,R,,,,,R,,,,R,,,,R,,,,,R
10,,,,,,,,,,,,1D!,,,,,,,,,
9,R,,,R,,,,,R,,,,R,,,,R,,,,
8,,B,R,,B,,,R,,B,,R,1D!,B,,R,,B,,,R
7,CC,C,CC,CC,CC,CC,CC,CC,CC,CC,CC,CC,CC,CC,CC,CC,CC,CC,CC,CC,CC
6,CR,C,,CR,C,,C,C,CR,C,C,C,CR,C,C,C,CR,C,C,C,C
5,CC,CC,C,CC,CC,CC,CC,CC,CC,CC,CC,CC,CC,CC,CC,CC,CC,CC,CC,CC,CC
4,,B,,,B,,,,,B,,,,B,,,,B,,,
3,,,R,,,,,R,,,,R,,,,R,,,,,R
2,,,,,,,,,,,,,,,,,,,,,
1,R,,,R,,,,,R,,,,R,,,,R,,,,
21,,B,,,B,,,,,B,,,,B,,,,B,,,
20,,,R,,,,,R,,,,R,,,,R,,,,,R
,3,3,1,3,4,3,3,3,3,4,3,3,3,3,3,3,3,3,5,3,3
R21,19,18,17,16,15,14,13,12,11,10,9,8,7,6,5,4,3,2,1,21,20
19,R,,,R,,S,,,R,,S,,R,,,,R,,,S,
18,,,,,S,,,,,S,,,,,,,,,S,,
17,,B,,,B,,,,,B,,,,B,,,,B,,,
16,,,,,,S,,,,,S,,,,,,,,,S,
15,RPP,PP,BP,RPP,PP,BP,P,P,RPP,PP,BPP,P,RPP,PP,BPP,P,RPP,PP,BP,PP,P
14,P,P,,P,P,,P,P,P,P,,P,P,P,,,P,P,P,,P
13,P,PPB,PP,P,PPB,PP,P,P,P,PPB,PP,PP,P,PPB,PP,PP,P,PPB,PP,P,PP
12,,,,,S,,,,,S,,,,,,,,,S,,
11,,,B,,,B,,,,,B,,,,B,,,,B,,
10,R,,,R,,S,,,R,,S,,R,,,,R,,,S,
9,,B,,,B,,,,,B,,,,B,,,,B,,,
8,,,,,,,,,,,,,,,,,,,,,
7,RCC,CC,BC,RCC,CC,BC,CC,CC,RCC,CC,BCC,CC,RCC,CC,BCC,CC,RCC,CC,BCC,CC,CC
6,C,C,,C,C,C,C,C,C,C,C,C,C,C,C,C,C,C,C,C,C
5,CC,CCB,CC,C,CCB,CC,C,CC,CC,CCB,CC,CC,CC,CCB,CC,CC,CC,CCB,CC,CC,CC
4,,,,,S,,,,,S,,,,,,,,,S,,
3,,,B,,,B,,,,,B,,,,B,,,,B,,
2,R,,,R,,S,,,R,,S,,R,,,,R,,,S,
1,,B,,,B,,,,,B,,,,B,,,,B,,,
21,,,,,S,,,,,S,,,,,,,,,S,,
20,,,B,,,B,,,,,B,,,,B,,,,B,,
,4,3,3,4,3,3,3,3,4,3,3,3,4,3,3,3,4,3,3,3,3
R20,19,18,17,16,15,14,13,12,11,10,9,8,7,6,5,4,3,2,1,21,20
19,,,,,,,,,,,,,,,,,,,,,
18,,R,,,R,,,,,R,,,,R,,,,R,,,
17,,,,,,S,,,,,S,,,,,,,,,S,
16,R,,,R,,,,,R,,,,R,,,,R,,,,
15,PP,PP,P,PP,PP,P,PP,PP,PP,PP,P,PP,PP,PP,P,P,PP,PP,PP,P,PP
14,P,PR,P,P,PR,P,P,P,P,PR,P,P,P,PR,P,P,P,PR,P,P,P
13,PP,PP,PP,P,PP,PP,P,PP,PP,PP,PP,P,PP,PP,PP,P,P,PP,PP,PP,P
12,,,,,,,,,,,,,,,,,,,,,
11,R,,,R,,S,,,R,,S,,R,,,,R,,,S,
10,,,,,,,,,,,,,,,,,,,,,
9,,R,,,R,,,,,R,,,,R,,,,R,,,
8,R,,,R,,,,,R,,,,R,,,,R,,,,
7,CC,CC,C,CC,CC,CC,CC,CC,CC,CC,CC,CC,CC,CC,CC,CC,CC,CC,CC,CC,CC
6,C,CR,C,C,CR,C,C,C,C,CR,C,C,C,CR,C,C,C,CR,C,C,C
5,CC,CC,CC,C,CC,CC,CC,CC,CC,CC,CC,CC,CC,CC,CC,CC,CC,CC,CC,CC,CC
4,,,,,,,,,,,,,,,,,,,,,
3,R,,,R,,S,,,R,,S,,R,,,,R,,,S,
2,,,,,,,,,,,,,,,,,,,,,
1,,R,,,R,,,,,R,,,,R,,,,R,,,
21,,,,,,,,,,,,,,,,,,,,,
20,R,,,R,,S,,,R,,S,,R,,,,R,,,S,
